ID,Nom,SKU,Code Barre,Catégorie,Marque,Quantité en Stock,Stock Minimum,Stock Maximum,Prix de Vente (Détail),Prix de Gros,Prix d'Achat,CUMP (Coût Unitaire Moyen Pondéré),Dernier Prix d'Achat,Valeur Stock (CUMP),Valeur Stock (Prix de Vente),Valeur Stock (Prix de Gros),Statut Stock
695a4f663432a6b7fb3d0d2a,AIR COOLER GEANT,GN-MRAW-3,20675262366730,Electromenager,,4,0,999999,4200,1100,,,,0,16800,4400,Normal
6933eb373e004f0b56bcf7dd,ASPIRATEUR MULTISMART,MS-VC4310,20650102176294,Electromenager,,1,0,999999,11900,8100,,8100,8100,8100,11900,8100,Normal
6933eba73e004f0b56bcf7e9,ASPIRATEUR MULTISMART,MS-VC1022,20650103326137,Electromenager,,0,0,999999,16800,12700,,12700,12700,0,0,0,Rupture
6933ebd13e004f0b56bcf7ef,ASPIRATEUR MULTISMART,MS-VC1011,20650103739418,Electromenager,,2,0,999999,12500,8900,,8900,8900,17800,25000,17800,Normal
693421f53e004f0b56bcfa21,ASPIRATEUR MULTISMART,MS-VC2011-1,20650242136881,Electromenager,,1,0,999999,11000,8300,,,,0,11000,8300,Normal
693422653e004f0b56bcfa2b,ASPIRATEUR MULTISMART,MS-VC103,20650243451048,Electromenager,,1,0,999999,14800,8200,,8200,8200,8200,14800,8200,Normal
693aeb7d81c7066676216efe,ASPIRATEUR MULTISMART,MS-VC421-2,20654690303769,Electromenager,,1,0,999999,15000,14300,,14300,14300,14300,15000,14300,Normal
693aeba081c7066676216f04,ASPIRATEUR MULTISMART,MS-VC2111,20654690769604,Electromenager,,3,0,999999,7500,4900,,4900,4900,14700,22500,14700,Normal
6933eb7e3e004f0b56bcf7e3,ASPIRATEUR MULTISMART ,MS-VC4316,20650102903494,Electromenager,,1,0,999999,12900,8700,,,,0,12900,8700,Normal
692c6ffe3e004f0b56bcea53,BAIN DHUILE  GEANT GRIS 9 ELEMENT,BH-JS29,20645199207592,Electromenager,,1,0,999999,12500,10000,,5000,10000,5000,12500,10000,Normal
6934328d3e004f0b56bcfa9e,BAIN DHUILE LUXINOX ROUGE,HDB-F108,20650284826178,Electromenager,,1,0,999999,15000,11000,,,,0,15000,11000,Normal
696208b43432a6b7fb3e5207,BAIN DHUILE MEDIA 11L,NY23EC-11L,20680324195878,Electromenager,,1,0,999999,14500,11900,,,,0,14500,11900,Normal
692c6f1b3e004f0b56bcea41,BAIN DHUILE MIDEA VENTIL 11 ELEMENT,NY23ECF-11L,20645196940636,Electromenager,,0,0,999999,17000,13900,,,,0,0,0,Rupture
692c6f5d3e004f0b56bcea47,BAIN DHUILE MULTISMART 13 ELEMENT,MS-OH1131,20645197616950,Electromenager,,1,0,999999,14500,10500,,,,0,14500,10500,Normal
692c70873e004f0b56bcea5f,BAIN DHUILE MULTISMART GRIS VENTIL 13 ELEMENT,MS-OH1132,20645200639831,Electromenager,,1,0,999999,14500,11900,,,,0,14500,11900,Normal
693432613e004f0b56bcfa98,BAIN DHUILE MULTISMART NOIR,MS-OH3101,20650283794260,Electromenager,,2,0,999999,12000,9300,,4650,9300,9300,24000,18600,Normal
692c6f8f3e004f0b56bcea4d,BAIN DHUILE MULTISMART NOIR 13 ELEMENT,MS-OH2131,20645198135355,Electromenager,,1,0,999999,14500,11300,,,,0,14500,11300,Normal
692c70413e004f0b56bcea59,BAIN DHUILE SCHALLENGE NOIR VENTIL 9 ELEMENT,AMB-2409HF,20645199927676,Electromenager,,3,0,999999,14000,11600,,7733.33,11600,23199.99,42000,34800,Normal
6933ef8b3e004f0b56bcf857,BAKER MOULINEX ,SERIE-R27,20650113263178,Electromenager,,2,0,999999,27500,22000,,11000,22000,22000,55000,44000,Normal
6933f2463e004f0b56bcf861,BAKER SONIFER,SF-4005,20650120133738,Electromenager,,1,0,999999,21800,14500,,,,0,21800,14500,Normal
693033c13e004f0b56bcf4fc,BATTEUR CONTIGLOABL,CG-HM5KDS-BE,20647666440540,Electromenager,,1,0,999999,3800,2400,,,,0,3800,2400,Normal
692ef72c3e004f0b56bcf2da,BATTEUR CONTIGLOBAL,CG-HM5AM-N,20646856033928,Electromenager,,4,0,999999,3200,2400,,600,2400,2400,12800,9600,Normal
692ef9503e004f0b56bcf2e6,BATTEUR CONTIGLOBAL,CG-HM5CCA-N,20646857189682,Electromenager,,3,0,999999,3900,2900,,966.67,2900,2900.01,11700,8700,Normal
692effd83e004f0b56bcf333,BATTEUR CONTIGLOBAL,CG-HB2MP2,20646878128014,Electromenager,,17,0,999999,3500,2200,,2077.78,2200,35322.26,59500,37400,Normal
692ff7543e004f0b56bcf3c6,BATTEUR CONTIGLOBAL,CG-HB2MSS,20647511769060,Electromenager,,4,0,999999,4500,2400,,600,2400,2400,18000,9600,Normal
693002e23e004f0b56bcf3e8,BATTEUR CONTIGLOBAL,CG-HB2DM4,20647541370114,Electromenager,,3,0,999999,6800,3650,,912.5,3650,2737.5,20400,10950,Normal
6930320a3e004f0b56bcf4d5,BATTEUR CONTIGLOBAL,CG-HM5IP-BG,20647655303661,Electromenager,,10,0,999999,3500,2400,,1200,2400,12000,35000,24000,Normal
695a4f2f3432a6b7fb3d0bf2,BATTEUR CONTIGLOBAL 3in1,CG-HB2M4,20675261703372,Electromenager,,1,0,999999,6400,3650,,,,0,6400,3650,Normal
692ef76f3e004f0b56bcf2e0,BATTEUR MULTISMART,MS-HM106,20646856720569,Electromenager,,2,0,999999,3450,2000,,,,0,6900,4000,Normal
692efa943e004f0b56bcf2fe,BATTEUR MULTISMART,MS-HB2207,20646864685047,Electromenager,,1,0,999999,4450,3400,,,,0,4450,3400,Normal
692efae93e004f0b56bcf304,BATTEUR MULTISMART,MS-HB2211,20646865565847,Electromenager,,1,0,999999,4650,3300,,,,0,4650,3300,Normal
692efb933e004f0b56bcf310,BATTEUR MULTISMART,MS-HB201,20646867291926,Electromenager,,3,0,999999,2450,1500,,1000,1500,3000,7350,4500,Normal
692eff3e3e004f0b56bcf327,BATTEUR MULTISMART,MS-HB161,20646876243854,Electromenager,,1,0,999999,2800,1550,,,,0,2800,1550,Normal
692eff9f3e004f0b56bcf32d,BATTEUR MULTISMART,MS-HB3031,20646877311443,Electromenager,,1,0,999999,5500,4550,,,,0,5500,4550,Normal
692f00473e004f0b56bcf33f,BATTEUR MULTISMART,MS-HB3104,20646879269920,Electromenager,,1,0,999999,4500,3050,,,,0,4500,3050,Normal
692f01b23e004f0b56bcf34b,BATTEUR MULTISMART,MS-HB2191,20646882923202,Electromenager,,1,0,999999,4950,3600,,,,0,4950,3600,Normal
692f02743e004f0b56bcf357,BATTEUR MULTISMART,MS-HB206,20646884927212,Electromenager,,1,0,999999,4850,3100,,,,0,4850,3100,Normal
692f03183e004f0b56bcf369,BATTEUR MULTISMART,MS-HB3204,20646886511219,Electromenager,,3,0,999999,5500,3800,,1266.67,3800,3800.01,16500,11400,Normal
692f038a3e004f0b56bcf36f,BATTEUR MULTISMART,MS-HB205,20646887710974,Electromenager,,1,0,999999,5800,3500,,,,0,5800,3500,Normal
6930326b3e004f0b56bcf4db,BATTEUR MULTISMART,MS-HB1611,20647662978948,Electromenager,,5,0,999999,2750,1250,,,,0,13750,6250,Normal
6930329b3e004f0b56bcf4e1,BATTEUR MULTISMART,MS-HB3202,20647663508629,Electromenager,,3,0,999999,4950,3800,,2400,3600,7200,14850,11400,Normal
693032ca3e004f0b56bcf4e7,BATTEUR MULTISMART,MS-HM4115,20647663986382,Electromenager,,8,0,999999,3250,1750,,,,0,26000,14000,Normal
693804fd81c7066676215e8b,BATTEUR MULTISMART,MS-HB2212,20652789604641,Electromenager,,1,0,999999,4650,3250,,,,0,4650,3250,Normal
693d27c881c706667621721f,BATTEUR MULTISMART,MS-HB5033,20656155469572,Electromenager,,1,0,999999,5400,3500,,,,0,5400,3500,Normal
692efb633e004f0b56bcf30a,BATTEUR MULTISMART ,MS-HB2109,20646866159847,Electromenager,,4,0,999999,3800,2450,,1960,2450,7840,15200,9800,Normal
692efd8d3e004f0b56bcf31b,BATTEUR MULTISMART ,MS-HB101,20646872292327,Electromenager,,3,0,999999,2800,1350,,450,1350,1350,8400,4050,Normal
692efdd13e004f0b56bcf321,BATTEUR MULTISMART ,MS-HB251,20646873039842,Electromenager,,1,0,999999,4250,3450,,1725,3450,1725,4250,3450,Normal
692f017d3e004f0b56bcf345,BATTEUR MULTISMART ,MS-HB217,20646879763523,Electromenager,,1,0,999999,3800,2600,,,,0,3800,2600,Normal
692f02403e004f0b56bcf351,BATTEUR MULTISMART ,MS-HB601,20646884423378,Electromenager,,1,0,999999,5800,3800,,,,0,5800,3800,Normal
6930330a3e004f0b56bcf4f1,BATTEUR MULTISMART ,MS-HM107,20647664657825,Electromenager,,1,0,999999,3850,2800,,,,0,3850,2800,Normal
693d33e781c706667621740d,BATTEUR MULTISMART ,MS-HB5023,20656186510743,Electromenager,,1,0,999999,4200,2800,,,,0,4200,2800,Normal
695a5d233432a6b7fb3d9503,BATTEUR MULTISMART 2IN1 ,MS-SM204,20675297454796,Electromenager,,1,0,999999,5500,3400,,,,0,5500,3400,Normal
695a597d3432a6b7fb3d6fca,BATTEUR MULTISMART 2in1,MS-SM202,20675288208864,Electromenager,,1,0,999999,6500,5060,,,,0,6500,5060,Normal
695a594a3432a6b7fb3d6e6a,BATTEUR MULTISMART 2in1 ,MS-SM201,20675287648142,Electromenager,,2,0,999999,6500,5060,,,,0,13000,10120,Normal
692ef9cf3e004f0b56bcf2ec,BATTEUR SCHALLENGE,AMB-HM9120-GS,20646862152321,Electromenager,,14,0,999999,2800,1650,,1532.14,1650,21449.96,39200,23100,Normal
692f02a73e004f0b56bcf35d,BATTEUR SCHALLENGE,AMB-HB5023,20646885424093,Electromenager,,7,0,999999,4200,3300,,2828.57,3300,19799.99,29400,23100,Normal
692f02e03e004f0b56bcf363,BATTEUR SCHALLENGE,AMB-HB5033,20646885960973,Electromenager,,4,0,999999,5400,4300,,2150,4300,8600,21600,17200,Normal
693002b33e004f0b56bcf3e2,BATTEUR SCHALLENGE,AMB-HB5405,20647540898994,Electromenager,,1,0,999999,6450,4500,,,,0,6450,4500,Normal
692ff78f3e004f0b56bcf3cc,BATTEUR SCHALLENGE ,AMB-HB5016,20647512356261,Electromenager,,5,0,999999,3200,2250,,,,0,16000,11250,Normal
692f00093e004f0b56bcf339,BATTEUR SONIFER,SF-8043,20646878746402,Electromenager,,1,0,999999,1850,1200,,,,0,1850,1200,Normal
692ef6f33e004f0b56bcf2d4,BATTEUR SONIFER ,SF-7026,20646855463928,Electromenager,,4,0,999999,3650,2400,,,,0,14600,9600,Normal
692efa093e004f0b56bcf2f2,BATTEUR SONIFER ,SF-7002,20646863363285,Electromenager,,1,0,999999,3800,2350,,,,0,3800,2350,Normal
692efa443e004f0b56bcf2f8,BATTEUR SONIFER ,SF-7015,20646863934401,Electromenager,,2,0,999999,4850,2400,,,,0,9700,4800,Normal
69340bd33e004f0b56bcf976,BLENDER ARCODYM,GM-6010C,20650185593755,Electromenager,,2,0,999999,7500,6300,,,,0,15000,12600,Normal
695a530c3432a6b7fb3d320d,BLENDER CONTIGLOBAL,CG-BG15AM4,20675271356357,Electromenager,,1,0,999999,4500,3000,,,,0,4500,3000,Normal
69340ac93e004f0b56bcf964,BLENDER CRRAFT,BT1410,20650183022718,Electromenager,,1,0,999999,7850,4800,,,,0,7850,4800,Normal
69340af53e004f0b56bcf96a,BLENDER MIDEA,MJ-JS20B21,20650183427993,Electromenager,,2,0,999999,18500,16000,,8000,16000,16000,37000,32000,Normal
695bb39e3432a6b7fb3e0a7e,BLENDER MOULINEX,1N-400-BT,20676174303291,Electromenager,,1,0,999999,17500,11000,,,,0,17500,11000,Normal
69340ba53e004f0b56bcf970,BLENDER MULTISMART,MS-JC102,20650185227999,Electromenager,,2,0,999999,7500,5200,,2600,5200,5200,15000,10400,Normal
69340da33e004f0b56bcf988,BLENDER MULTISMART,MS-BD5201,20650190231518,Electromenager,,2,0,999999,6500,4300,,2150,4300,4300,13000,8600,Normal
69340dd43e004f0b56bcf98e,BLENDER MULTISMART,MS-BD5015,20650190761273,Electromenager,,2,0,999999,5900,4100,,4100,4100,8200,11800,8200,Normal
693d36a881c7066676217544,BLENDER MULTISMART,MS-FP3103,20656193574428,Electromenager,,2,0,999999,16800,14800,,7400,14800,14800,33600,29600,Normal
693447753e004f0b56bcfb4c,BLENDER MULTISMART MULTI-FONCTION,MS-BD3011,20650338369312,Electromenager,,1,0,999999,13500,10500,,,,0,13500,10500,Normal
693409f63e004f0b56bcf946,BLENDER SCHALLENGE,AMB-BL2068,20650180909593,Electromenager,,4,0,999999,6500,4350,,3262.5,4350,13050,26000,17400,Normal
69340c3e3e004f0b56bcf982,BLENDER SCHALLENGE,AMB-BL2033,20650186696952,Electromenager,,5,0,999999,6500,3600,,3200,3600,16000,32500,18000,Normal
69340a753e004f0b56bcf958,BLENDER SONIFER ,SF-8016,20650182152072,Electromenager,,1,0,999999,7450,4400,,,,0,7450,4400,Normal
69340aa13e004f0b56bcf95e,BLENDER SONIFER ,SF-8014,20650182557110,Electromenager,,1,0,999999,7950,4300,,,,0,7950,4300,Normal
69340c0c3e004f0b56bcf97c,BLENDER TEFAL,BL3001,20650186107595,Electromenager,,1,0,999999,9950,7200,,,,0,9950,7200,Normal
6933ec453e004f0b56bcf7fb,BOULOIRE MULTISMART,MS-KT2011,20650104880050,Electromenager,,6,0,999999,3850,2650,,,,0,23100,15900,Normal
6933ec733e004f0b56bcf801,BOULOIRE WESTCROWN,BOULOIRE-MULTI-COLEUR,20650105374372,Electromenager,,3,0,999999,2500,1500,,,,0,7500,4500,Normal
692db5be3e004f0b56bced3b,CAFETIER ARCODYM,DYM-CM6823,20646033121024,Electromenager,,2,0,999999,17500,14000,,,,0,35000,28000,Normal
69538cc23432a6b7fb3b96f9,CAFETIER BERGMANN,B200,B200,Electromenager,,1,0,999999,18500,15500,,,,0,18500,15500,Normal
69538b973432a6b7fb3b95a5,CAFETIER CONTIGLOBAL,CG-CMAW18,20670828896642,Electromenager,,4,0,999999,19500,16000,,8000,16000,32000,78000,64000,Normal
692db5593e004f0b56bced2f,CAFETIER ELECTROGAS ,MS601,20646032131268,Electromenager,,1,0,999999,21900,17000,,,,0,21900,17000,Normal
695a58033432a6b7fb3d5ce6,CAFETIER ESPRESSO KRUPS,EA82F01O,20675284390779,Electromenager,,1,0,999999,78000,68000,,,,0,78000,68000,Normal
692dbe0c3e004f0b56bcedd1,CAFETIER GEANT,GN-CMAC514K-R,20646054415908,Electromenager,,1,0,999999,16500,14500,,14500,14500,14500,16500,14500,Normal
692dbe6f3e004f0b56bceddd,CAFETIER GEANT,GN-CMST503DL-G,20646055448555,Electromenager,,1,0,999999,16000,15000,,,,0,16000,15000,Normal
69538b2c3432a6b7fb3b94fb,CAFETIER GEANT ,GN-CMDN8502,20670827833606,Electromenager,,4,0,999999,15500,12000,,6000,12000,24000,62000,48000,Normal
695a50723432a6b7fb3d16ab,CAFETIER GEANT ,GN-CMAC513K-I,20675264996187,Electromenager,,1,0,999999,19800,15800,,,,0,19800,15800,Normal
69538bdb3432a6b7fb3b964f,CAFETIER GEANT NOIR,GN-CMST504-N,20670829599201,Electromenager,,2,0,999999,17800,14800,,7400,14800,14800,35600,29600,Normal
692dbc803e004f0b56bcedc3,CAFETIER MESKO,MS4403,20646050481264,Electromenager,,2,0,999999,18500,17000,,,,0,37000,34000,Normal
692db5883e004f0b56bced35,CAFETIER MULTISMART,MS-CF3018,20646032630468,Electromenager,,1,0,999999,22800,16400,,,,0,22800,16400,Normal
692db6153e004f0b56bced47,CAFETIER MULTISMART,MS-CF2201,20646034046302,Electromenager,,3,0,999999,17800,15700,,,,0,53400,47100,Normal
692dbb543e004f0b56bcedaf,CAFETIER MULTISMART,MS-DF2112,20646047481913,Electromenager,,3,0,999999,7000,4600,,3066.67,4600,9200.01,21000,13800,Normal
692dbb863e004f0b56bcedb5,CAFETIER MULTISMART,MS-CF1211,20646047959260,Electromenager,,1,0,999999,22500,19400,,,,0,22500,19400,Normal
692dbe3d3e004f0b56bcedd7,CAFETIER MULTISMART,MS-CF2026,20646054872397,Electromenager,,1,0,999999,16500,12700,,,,0,16500,12700,Normal
692dbea53e004f0b56bcede3,CAFETIER MULTISMART,MS-CF2036,20646055976797,Electromenager,,2,0,999999,18500,13000,,6500,13000,13000,37000,26000,Normal
692dbf073e004f0b56bcedef,CAFETIER MULTISMART,MS-CF1313,20646056971595,Electromenager,,1,0,999999,22500,16400,,16400,16400,16400,22500,16400,Normal
69538d083432a6b7fb3b97a3,CAFETIER MULTISMART,MS-CF1021,20670832624169,Electromenager,,2,0,999999,17500,14100,,7050,14100,14100,35000,28200,Normal
692db5e53e004f0b56bced41,CAFETIER MULTISMART ,MS-CF1101,20646033576468,Electromenager,,4,0,999999,19500,14600,,7300,14600,29200,78000,58400,Normal
692db6a03e004f0b56bced53,CAFETIER MULTISMART ,MS-CF4032,20646035422228,Electromenager,,1,0,999999,64000,49600,,,,0,64000,49600,Normal
692db87d3e004f0b56bced68,CAFETIER MULTISMART ,MS-CF4012,20646038815188,Electromenager,,1,0,999999,36800,32000,,,,0,36800,32000,Normal
692dbed53e004f0b56bcede9,CAFETIER MULTISMART ,MS-CF102,20646056428635,Electromenager,,1,0,999999,21000,15200,,,,0,21000,15200,Normal
692dbf343e004f0b56bcedf5,CAFETIER MULTISMART ,MS-CF1121,20646057398555,Electromenager,,1,0,999999,21000,17400,,,,0,21000,17400,Normal
692db66d3e004f0b56bced4d,CAFETIER SCHALLENGE ,AMB-021CM,20646034929580,Electromenager,,2,0,999999,18500,15700,,,,0,37000,31400,Normal
692db7ba3e004f0b56bced62,CAFETIER SONIFER,SF-3535,20646038244942,Electromenager,,1,0,999999,15400,12500,,,,0,15400,12500,Normal
692dbd103e004f0b56bcedcb,CAFETIER SONIFER ,SF-3533,20646051922788,Electromenager,,4,0,999999,3500,2100,,525,2100,2100,14000,8400,Normal
692dbf6a3e004f0b56bcedfb,CAFETIER SONIFER ,SF-3532,20646057933114,Electromenager,,1,0,999999,3950,2550,,,,0,3950,2550,Normal
69538adb3432a6b7fb3b9451,CAFITIER GEANT ROUGE,GN-CMST503DL-R,20670827000636,Electromenager,,1,0,999999,18500,15000,,7500,15000,7500,18500,15000,Normal
695515113432a6b7fb3c1e4c,CENTRE FIGEUSE SONIFER,SF-5509,20671836195119,Electromenager,,1,0,999999,17500,11000,,,,0,17500,11000,Normal
695a4e5d3432a6b7fb3d084a,CHAUFF BAIN CONDOR 10L,CCG-P410,20675259650017,Electromenager,,1,0,999999,24900,20000,,,,0,24900,20000,Normal
695a4dfd3432a6b7fb3d0498,CHAUFF BAIN CONDOR 6L,CCG-P306,20675258676486,Electromenager,,1,0,999999,19500,14000,,,,0,19500,14000,Normal
692c6d323e004f0b56bcea35,CHAUFFAGE BRANDT NOIR 10KW,10000-B11BS,20645191749353,Electromenager,,1,0,999999,36000,35500,,,,0,36000,35500,Normal
692c6d6c3e004f0b56bcea3b,CHAUFFAGE BRANDT NOIR 12KW,12000-B11BS,20645192667919,Electromenager,,2,0,999999,39000,30000,,10000,30000,20000,78000,60000,Normal
692c719c3e004f0b56bcea7b,CHAUFFAGE GEANT NOIR 14KW,GN-200B-NG,20645203354399,Electromenager,,1,0,999999,44000,37500,,,,0,44000,37500,Normal
692c6ce43e004f0b56bcea2f,CHAUFFAGE RAYLAN NOIR 14KW,RCG-F14KGR,20645191146556,Electromenager,,1,0,999999,47000,39000,,,,0,47000,39000,Normal
693432ec3e004f0b56bcfaa4,CHAUFFE BAIN MULTISMART 6L,MS-WH1006,20650285765145,Electromenager,,5,0,999999,15000,14800,,11840,14800,59200,75000,74000,Normal
693433233e004f0b56bcfaaa,CHAUFFE MULTISMART  12L,MS-WH2012,20650286301546,Electromenager,,1,0,999999,23000,22600,,,,0,23000,22600,Normal
694ff40d3432a6b7fb3b0b0e,CLIMATISEUR ARMOIR GEANT BLANC 36,GN-CSA36APAT3-1,20668474623167,Electromenager,,1,0,999999,250000,220000,,,,0,250000,220000,Normal
693edf40d19f9618d08665c3,CLIMATISEUR MIDEA  ARMOIR 25BT,MFTPA-25HRN1-QB8W,20657280525090,Electromenager,,1,0,999999,245000,200000,,,,0,245000,200000,Normal
6933f7723e004f0b56bcf87d,COCOTTE MEGATRONICS SILVER 8L,MEGA-8L,20650133501173,Electromenager,,1,0,999999,6500,5600,,,,0,6500,5600,Normal
693441d13e004f0b56bcfb14,COCOTTE MULTISMART,MS-PC1046,20650323923079,Electromenager,,2,0,999999,15500,12900,,6450,12900,12900,31000,25800,Normal
693441933e004f0b56bcfb00,COCOTTE MULTISMART  AFFICHEUR ,MS-PC1016,20650323269874,Electromenager,,2,0,999999,14800,12400,,6200,12400,12400,29600,24800,Normal
693d37ce81c70666762175b7,COCOTTE MULTISMART MINUTE BLUE  6L,MS-PC1056,20656196510267,Electromenager,,3,0,999999,16500,11500,,8944.45,11500,26833.35,49500,34500,Normal
6933f73f3e004f0b56bcf877,COCOTTE MULTISMART SILVER 5L,MS-SILVER-5L,20650133019090,Electromenager,,1,0,999999,3000,2500,,,,0,3000,2500,Normal
693d44d181c7066676217715,COCOTTE MULTISMART SILVER 6L,CR6409,20656229760128,Electromenager,,1,0,999999,25000,15000,,,,0,25000,15000,Normal
6933f2953e004f0b56bcf867,COCOTTE MULTISMART SILVER 9L,MS-PC0119,20650120979257,Electromenager,,5,0,999999,4500,3400,,2856,3400,14280,22500,17000,Normal
6933f7103e004f0b56bcf871,COCOTTE MUTLISMART SILVER 7L,MS-SILVER-7L,20650132486138,Electromenager,,1,0,999999,3800,3000,,,,0,3800,3000,Normal
695514d03432a6b7fb3c1d66,COFFEE GRINDER CAMRY,CR4443,20671835537833,Electromenager,,1,0,999999,13800,9500,,,,0,13800,9500,Normal
693443503e004f0b56bcfb20,COFFEE GRINDER MULTISMART ,MS-GD4201,20650327733715,Electromenager,,1,0,999999,2900,1950,,,,0,2900,1950,Normal
6934479c3e004f0b56bcfb52,COFFEE GRINDER MULTISMART SCRATCH ,MS-GD101,20650338767320,Electromenager,,1,0,999999,8500,7100,,,,0,8500,7100,Normal
693447bd3e004f0b56bcfb58,COFFEE GRINDER MULTISMART SCRATCH ,MS-GD201,20650339086593,Electromenager,,2,0,999999,12500,8100,,,,0,25000,16200,Normal
693447ec3e004f0b56bcfb5e,COFFEE GRINDER MULTISMART STYLE-COCOTTE,MS-GD2252,20650339503488,Electromenager,,1,0,999999,12500,8600,,,,0,12500,8600,Normal
692d9c213e004f0b56bced1d,CONGELATEUR ARTCOOL 16L BLANC ,N1407E-PLUS,20645967614125,Electromenager,,1,0,999999,34000,31000,,,,0,34000,31000,Normal
692c5db63e004f0b56bcea15,CONGELATEUR CONTIGLOBAL BLANC 145L,CG-CF220F-B,20645152389821,Electromenager,,1,0,999999,39500,35500,,,,0,39500,35500,Normal
692c5d713e004f0b56bcea0f,CONGELATEUR CONTIGLOBAL BLANC 200L,CG-CF270F-B,20645151588542,Electromenager,,2,0,999999,42500,39000,,19500,39000,39000,85000,78000,Normal
69288539082fdd4ac69028ab,CONGELATEUR EXTRA GRIS 282L,CFE330G,20642628518777,Electromenager,,1,0,999999,56000,50000,,,,0,56000,50000,Normal
692c5ce43e004f0b56bcea09,CONGELATEUR GEANT BLANC 240L,GN-CFH-330B,20645150241828,Electromenager,,1,0,999999,55500,53000,,,,0,55500,53000,Normal
692c5e793e004f0b56bcea27,CONGELATEUR GEANT BLANC 300L ,GN-CFH-400B,20645154175583,Electromenager,,0,0,999999,64000,59500,,,,0,0,0,Rupture
692c531d3e004f0b56bce9b7,CONGELATEUR GEANT BLANC VERTICAL,BLANC-GN-BDNF-310B,20645125223335,Electromenager,,1,0,999999,77000,61000,,,,0,77000,61000,Normal
692c5e313e004f0b56bcea21,CONGELATEUR GEANT VITRE 157L,GN-CPF-245,20645153654625,Electromenager,,1,0,999999,63500,59000,,,,0,63500,59000,Normal
692c5e013e004f0b56bcea1b,CONGELATEUR MIDEA BLANC 191L,HS-252C,20645152963506,Electromenager,,2,0,999999,63000,57000,,,,0,126000,114000,Normal
68f9ffca84e5c25e35d27c79,CONGELATEUR VERTICAL AFFICHEUR  238L MIDEA,MD-CGVRT240-MD,20612143853142,Electromenager,,1,0,999999,87000,83000,,,,0,87000,83000,Normal
68f9f9ab84e5c25e35d27beb,CONGELATEUR VERTICAL INOX MIDEA,MDRU333FGZ,20612128200337,Electromenager,,1,0,999999,90000,84000,,,,0,90000,84000,Normal
692b25c53e004f0b56bce492,CUIS - ARTCOOL INOX  5F,L9-X35-TK0FCA,20644353829672,Electromenager,,1,0,999999,68000,53000,,,53000,0,68000,53000,Normal
692ac69d3e004f0b56bce208,CUIS - BRENT INOX 5F,L9-X3T-TKA,20644109791342,Electromenager,,1,0,999999,68000,65000,,,,0,68000,65000,Normal
692ac12d3e004f0b56bce1e6,CUIS - BRENT NOIRE 4F,ID6-B-TKOFACW-TFAN,20644095911029,Electromenager,,1,0,999999,52000,45000,,,,0,52000,45000,Normal
692b21183e004f0b56bce42b,CUIS - CONTIGLOBAL CORAL INOX 4F,CK-KC4F60C-I,20644341797273,Electromenager,,1,0,999999,36000,31000,,,,0,36000,31000,Normal
692b23f83e004f0b56bce469,CUIS - CONTIGLOBAL ELEGANCE NOIRE 4F,CK-CE6V-WG,20644349248713,Electromenager,,1,0,999999,56000,50000,,,,0,56000,50000,Normal
692b26033e004f0b56bce498,CUIS - CRISTOR NOIRE 4F,MIRA-CR46MK1B,20644354515037,Electromenager,,1,0,999999,32000,28500,,28500,28500,28500,32000,28500,Normal
692ac44c3e004f0b56bce1f2,CUIS - ELECTROGAS BLANC 4F,LF55-56-66-60-68,20644104170544,Electromenager,,1,0,999999,36000,29000,,,,0,36000,29000,Normal
692b25783e004f0b56bce48c,CUIS - ELECTROGAS INOX 5F,EST-80XR,20644352622955,Electromenager,,1,0,999999,64000,58000,,,,0,64000,58000,Normal
692af9553e004f0b56bce354,CUIS - GEANT COOCKPRO QUEEN NOIRE 5F,GK-CZ86DV-N,20644239926019,Electromenager,,1,0,999999,128000,92000,,,,0,128000,92000,Normal
692af7503e004f0b56bce32c,CUIS - GEANT COOKPRO GRIS 5F,II2H3B-P,20644234835772,Electromenager,,1,0,999999,89000,85000,,,,0,89000,85000,Normal
692ac0123e004f0b56bce1c7,CUIS - GEANT INOX FLAME 4F,GN-CFER60-I,20644093248785,Electromenager,,0,0,999999,36000,30000,,,,0,0,0,Rupture
692ac2de3e004f0b56bce1ec,CUIS - GEANT INOX ITALIANO 4F,GK-CFI55-1,20644100322303,Electromenager,,1,0,999999,35000,27000,,,,0,35000,27000,Normal
692b209f3e004f0b56bce425,CUIS - GEANT QUEEN INOX 5F,GK-CZ66QC-V,20644340612082,Electromenager,,1,0,999999,51000,48000,,,,0,51000,48000,Normal
692b24c73e004f0b56bce47e,CUIS - GENERAL BLANC 4F ,GN-C60WK22,20644351338641,Electromenager,,1,0,999999,41000,36900,,,,0,41000,36900,Normal
692b22c43e004f0b56bce443,CUIS - GENERAL INOX 4F,GN-C60XB22,20644346132889,Electromenager,,1,0,999999,42000,36900,,,,0,42000,36900,Normal
692b230d3e004f0b56bce449,CUIS - GENERAL NOIRE 4F,GN-C60XK32,20644346910956,Electromenager,,1,0,999999,45000,36900,,,,0,45000,36900,Normal
69288671082fdd4ac6902991,CUIS - GENERAL NOIRE 4F ,GN-C60BB22,20642635096467,Electromenager,,1,0,999999,45000,36900,,,,0,45000,36900,Normal
692ac6283e004f0b56bce1ff,CUIS - MULTISMART INOX 5F,INOX 5F,20644108674068,Electromenager,,1,0,999999,88000,85000,,,,0,88000,85000,Normal
692b25133e004f0b56bce486,CUIS - MULTISMART INOX 5F ,HONOR-9S,20644351962876,Electromenager,,1,0,999999,88000,66000,,,,0,88000,66000,Normal
692af8c83e004f0b56bce346,CUIS - WINOR INOX 4F,FK6402GFZM,20644238670250,Electromenager,,1,0,999999,39500,37000,,,,0,39500,37000,Normal
692b248c3e004f0b56bce478,CUIS - WINOR NOIRE 4F ,FQ6402GFZD,20644350747200,Electromenager,,1,0,999999,42500,37000,,,,0,42500,37000,Normal
692ab0773e004f0b56bcdf92,CUIS ARCODYM BEIGE 4F,BEIGE-LF60GG40F,20644052844790,Electromenager,,2,0,999999,32500,28500,,,,0,65000,57000,Normal
69286f89e4db9309009dfbfc,CUIS ARCODYM NOIRE4F ,LF60GG40F,20642574252443,Electromenager,,1,0,999999,32500,28500,,,,0,32500,28500,Normal
692af8723e004f0b56bce336,CUIS ARTCOOL INOX 5F,L9X3S-TKOFCA,20644237754331,Electromenager,,2,0,999999,68000,53000,,26500,53000,53000,136000,106000,Normal
692867e1e4db9309009dfbb9,CUIS CONTI GLOBAL BEIGE 4F ,CK-CE6V-BG,20642554352919,Electromenager,,1,0,999999,55000,50000,,,,0,55000,50000,Normal
69286d17e4db9309009dfbd7,CUIS CONTI GLOBAL NOIRE 4F,CK-CE6V-NG,20642569238439,Electromenager,,1,0,999999,55000,50000,,,,0,55000,50000,Normal
692ac59b3e004f0b56bce1f9,CUIS CONTIGLOBAL INOX COOKPRO 5F,II2H3BP,20644107642781,Electromenager,,1,0,999999,88000,85000,,,,0,88000,85000,Normal
6942bd39d19f9618d0867a88,CUIS DIGITECH 4F INOX,ID6-X3S-TKOFA-WOK-Tfan,20659814846998,Electromenager,,1,0,999999,47000,42000,,,,0,47000,42000,Normal
692883f6082fdd4ac69028a5,CUIS GEANT 4F BLANC STYLE,GK-CFSMV-BC,20642626220624,Electromenager,,2,0,999999,45000,40000,,,,0,90000,80000,Normal
692879e7e4db9309009dfc93,CUIS GEANT INOX 4F ,EMERALD,20642601600934,Electromenager,,2,0,999999,36500,31000,,15500,31000,31000,73000,62000,Normal
6928721ee4db9309009dfc13,CUIS MULTISMART 4F BLANC ,HONOR6B,20642580644287,Electromenager,,1,0,999999,37000,28000,,,,0,37000,28000,Normal
69287504e4db9309009dfc49,CUIS MULTISMART INOX 4F ,ROTINA,20642587477644,Electromenager,,2,0,999999,44000,36000,,,,0,88000,72000,Normal
69287888e4db9309009dfc7c,CUIS MULTISMART INOX 5F,LUXURY8SB,20642592807966,Electromenager,,1,0,999999,68000,52000,,,,0,68000,52000,Normal
692ac8253e004f0b56bce217,CUIS-ARCODYM BLANC 4F,BLANC-LF60GG40F,20644111116467,Electromenager,,2,0,999999,33000,28500,,,,0,66000,57000,Normal
692ac8fe3e004f0b56bce21d,CUIS-ARCODYM MORON 4F,MORON-LF60GG40F,20644115847264,Electromenager,,1,0,999999,32000,28500,,,,0,32000,28500,Normal
692accce3e004f0b56bce240,CUIS-CRISTOR BLANC 4F,MIVA-KG410,20644125979338,Electromenager,,1,0,999999,31000,26500,,,,0,31000,26500,Normal
692acb8a3e004f0b56bce23a,CUIS-GEANT NOIRE 5F,GK-CL86DV-N-5F,20644122667014,Electromenager,,1,0,999999,128000,115000,,,,0,128000,115000,Normal
692acdb13e004f0b56bce246,CUIS-MIDEA INOX 5F,VENUS8060-IM,20644128273091,Electromenager,,1,0,999999,53000,49500,,,,0,53000,49500,Normal
693403a33e004f0b56bcf8fc,FER  MULTISMART,MS-IR201,20650164740221,Electromenager,,12,0,999999,4450,2950,,2458.33,2950,29499.96,53400,35400,Normal
695a5fef3432a6b7fb3da6f5,FER A VAPPEUR MULTISMART,MS-IR3031,20675304695689,Electromenager,,1,0,999999,5500,3300,,,,0,5500,3300,Normal
695a60303432a6b7fb3da916,FER A VAPPEUR MULTISMART,MS-IR3041,20675305319522,Electromenager,,1,0,999999,5900,3900,,,,0,5900,3900,Normal
693404293e004f0b56bcf902,FER MULTISMART,MS-IR203,20650165127825,Electromenager,,0,0,999999,4800,3000,,,,0,0,0,Rupture
693401f13e004f0b56bcf8d0,FER MULTISMART ,MS-IR2031,20650160338941,Electromenager,,5,0,999999,5500,3000,,2040,3000,10200,27500,15000,Normal
693402113e004f0b56bcf8d6,FER MULTISMART ,MS-IR202,20650160722227,Electromenager,,9,0,999999,5500,3050,,2372.22,3050,21349.98,49500,27450,Normal
693403623e004f0b56bcf8f0,FER MULTISMART ,MS-IR401,20650164012148,Electromenager,,2,0,999999,13200,7900,,,,0,26400,15800,Normal
6934037b3e004f0b56bcf8f6,FER MULTISMART ,MS-IR101,20650164339182,Electromenager,,2,0,999999,2400,1600,,800,1600,1600,4800,3200,Normal
69539fd23432a6b7fb3bb02c,FER MULTISMART ,MS-IR207,20670880699445,Electromenager,,9,0,999999,2500,1900,,,,0,22500,17100,Normal
6953a25b3432a6b7fb3bb13e,FER MULTISMART ,MS-IR206,20670887094338,Electromenager,,0,0,999999,4500,3550,,,,0,0,0,Rupture
6953a3ed3432a6b7fb3bb251,FER MULTISMART ,MS-IR2011,20670891176970,Electromenager,,2,0,999999,4700,3500,,,,0,9400,7000,Normal
6953a46e3432a6b7fb3bb41b,FER MULTISMART ,MS-IR102,20670892496413,Electromenager,,0,0,999999,2750,1700,,,,0,0,0,Rupture
6953a42f3432a6b7fb3bb309,FER SONIFER,SF-2029,20670891811695,Electromenager,,0,0,999999,10500,7100,,,,0,0,0,Rupture
693403343e004f0b56bcf8ea,FER TEFAL,GV5280,20650161078387,Electromenager,,1,0,999999,31000,26000,,,,0,31000,26000,Normal
695a52043432a6b7fb3d2837,FONTAIN MIDEA,YL1536S,20675268595384,Electromenager,,2,0,999999,29500,23000,,,,0,59000,46000,Normal
6933ea733e004f0b56bcf7b2,FONTAINE CONTIGLOBAL,CG-FEJX15-N,20650100250134,Electromenager,,0,0,999999,17500,14500,,,,0,0,0,Rupture
6933ea3c3e004f0b56bcf7ac,FONTAINE GEANT ,GE-SW-T1BFKY,20650099693493,Electromenager,,1,0,999999,33000,31000,,,,0,33000,31000,Normal
6934471a3e004f0b56bcfb40,FONTAINE MIDEA ,YL1635S-W,20650337425631,Electromenager,,1,0,999999,26000,23800,,,,0,26000,23800,Normal
6933ea093e004f0b56bcf7a6,FONTAINE SCHALLENGE,AMB2435-WD,20650099213578,Electromenager,,1,0,999999,19000,17000,,,,0,19000,17000,Normal
69539eee3432a6b7fb3baf74,FOUR ELECTRIC GENERAL,MF46F4BB,20670878428088,Electromenager,,1,0,999999,17000,13000,,,,0,17000,13000,Normal
692c3dc43e004f0b56bce8ab,FOUR-ELECTRIQUE  GEANT NOIR 40L,GN-GAF40G-NG,20645070606909,Electromenager,,0,0,999999,35000,30000,,,,0,0,0,Rupture
692c405a3e004f0b56bce8ef,FOUR-ELECTRIQUE ARCODYM BLANC 30L,DYM-3125,20645077293540,Electromenager,,1,0,999999,11500,10900,,,,0,11500,10900,Normal
692c3af13e004f0b56bce881,FOUR-ELECTRIQUE ARCODYM BLANC 45L,DYM-3690RT,20645062820594,Electromenager,,1,0,999999,13800,10900,,,,0,13800,10900,Normal
692c3b3e3e004f0b56bce887,FOUR-ELECTRIQUE ARCODYM GRIS 30L,DYM-3195,20645064168749,Electromenager,,1,0,999999,11900,8900,,,,0,11900,8900,Normal
692c38413e004f0b56bce87b,FOUR-ELECTRIQUE BOOMAX INOX 38L,HKOT22BM01,20645055858278,Electromenager,,1,0,999999,14800,11800,,,,0,14800,11800,Normal
692c3fea3e004f0b56bce8e3,FOUR-ELECTRIQUE BOOMAX NOIR 46L,HKOT22BM03,20645076139225,Electromenager,,1,0,999999,16000,13000,,,,0,16000,13000,Normal
692c3fa93e004f0b56bce8dd,FOUR-ELECTRIQUE CONTIGLOBAL NOIR 70L,CG9345-VR,20645075490189,Electromenager,,2,0,999999,17500,14500,,9666.67,14500,19333.34,35000,29000,Normal
692c3d803e004f0b56bce8a5,FOUR-ELECTRIQUE ELECTROGAS NOIR 40L,NOIR-EMF-40L,20645069980340,Electromenager,,1,0,999999,11000,7500,,,,0,11000,7500,Normal
692c3f173e004f0b56bce8d1,FOUR-ELECTRIQUE ELECTROGAS NOIR 70L,LX-9670,20645074051381,Electromenager,,1,0,999999,26000,22000,,,,0,26000,22000,Normal
695a4fba3432a6b7fb3d0e62,FOUR-ELECTRIQUE GEANT 40L,GN-GAF406-NG,20675263081856,Electromenager,,3,0,999999,37500,30000,,,,0,112500,90000,Normal
692c3b923e004f0b56bce88d,FOUR-ELECTRIQUE GEANT GRIS 28L,GN-5320P,20645065031462,Electromenager,,1,0,999999,11900,8500,,,,0,11900,8500,Normal
692c3ece3e004f0b56bce8cb,FOUR-ELECTRIQUE GEANT INOX 38L,GN-FEG38L-IM,20645073335624,Electromenager,,1,0,999999,11500,8800,,,,0,11500,8800,Normal
692c3f643e004f0b56bce8d7,FOUR-ELECTRIQUE GEANT NOIR 38L,GN-FEG38LN,20645074638588,Electromenager,,2,0,999999,10500,8500,,4250,8500,8500,21000,17000,Normal
692c36793e004f0b56bce863,FOUR-ELECTRIQUE GEANT NOIR 45L,GN-FEG45L-M,20645052010352,Electromenager,,1,0,999999,12500,11000,,,,0,12500,11000,Normal
692c37b03e004f0b56bce875,FOUR-ELECTRIQUE GEANT NOIR 45L,GN-FEG45LN-GM,20645055031473,Electromenager,,1,0,999999,14500,12000,,,,0,14500,12000,Normal
692c3e633e004f0b56bce8bf,FOUR-ELECTRIQUE GEANT NOIR 70L,GN-FEG70LN,20645072146023,Electromenager,,2,0,999999,17500,15500,,10333.33,15500,20666.66,35000,31000,Normal
692c3d153e004f0b56bce89f,FOUR-ELECTRIQUE GENERAL BLANC 46L,MF46A246BB,20645068928420,Electromenager,,1,0,999999,17000,13000,,,,0,17000,13000,Normal
692c3e9a3e004f0b56bce8c5,FOUR-ELECTRIQUE GENERAL INOX 36L,MF36A4GG,20645072761949,Electromenager,,1,0,999999,17000,13000,,,,0,17000,13000,Normal
692c35133e004f0b56bce84b,FOUR-ELECTRIQUE MEGATRONICS BLANC 45L,MN-45-W-LYK,20645048189237,Electromenager,,1,0,999999,13500,10500,,,,0,13500,10500,Normal
692c35813e004f0b56bce851,FOUR-ELECTRIQUE MEGATRONICS NOIR 45L,MN-45-B-LYK,20645049324673,Electromenager,,4,0,999999,13500,10500,,7875,10500,31500,54000,42000,Normal
692c35e63e004f0b56bce857,FOUR-ELECTRIQUE MEGATRONICS ROUGE 35L,MN-35-5-LYK,20645050152032,Electromenager,,3,0,999999,11000,6500,,4333.33,6500,12999.99,33000,19500,Normal
692ed56c3e004f0b56bcf1e3,FOUR-ELECTRIQUE MULTISMART  50L NOIR ,MS-OV2150,20646769625013,Electromenager,,1,0,999999,14500,11900,,,,0,14500,11900,Normal
692c3bc63e004f0b56bce893,FOUR-ELECTRIQUE MULTISMART INOX 30L,MS-OV2136,20645065553867,Electromenager,,1,0,999999,10400,7500,,,,0,10400,7500,Normal
692c40283e004f0b56bce8e9,FOUR-ELECTRIQUE MULTISMART INOX 50L,MS-OV2250S,20645076790668,Electromenager,,1,0,999999,14500,12900,,12900,12900,12900,14500,12900,Normal
692c3bf73e004f0b56bce899,FOUR-ELECTRIQUE MULTISMART INOX 70L,MS-OV2270,20645066074260,Electromenager,,0,0,999999,17500,14300,,,,0,0,0,Rupture
692c37043e004f0b56bce86f,FOUR-ELECTRIQUE MULTISMART NOIR 50L,MS-OV201-50,20645053369392,Electromenager,,2,0,999999,14500,11900,,5950,11900,11900,29000,23800,Normal
692c36c13e004f0b56bce869,FOUR-ELECTRIQUE MULTISMART NOIR 60L,MS-OV101-60,20645052566998,Electromenager,,2,0,999999,17500,14300,,7150,14300,14300,35000,28600,Normal
6955038b3432a6b7fb3bff60,FOUR-ENCASTRABLE + AIRFRYER ELECROGAS,B66-MFRY3-ELECTROGAS,20671791284883,Electromenager,,1,0,999999,65000,56000,,,,0,65000,56000,Normal
693d70d9d19f9618d0865ff5,FOUR-ENCASTRABLE ARISTON 3BTN ,GK-KFXDZ34-FFD-I,20656342342908,Electromenager,,2,0,999999,44000,36000,,18000,36000,36000,88000,72000,Normal
692d76503e004f0b56bcebeb,FOUR-ENCASTRABLE ARTCOOL INOX,INOX-2BTN,20645870768011,Electromenager,,1,0,999999,48000,40000,,,,0,48000,40000,Normal
692d76a33e004f0b56bcebf1,FOUR-ENCASTRABLE ELECTROGAS DIGITAL 2-BTN,XENIUM-XERIS-GLASS,20645871595696,Electromenager,,1,0,999999,58000,50000,,50000,50000,50000,58000,50000,Normal
692d792c3e004f0b56bcec24,FOUR-ENCASTRABLE GEANT 2BTN NOIR,MIRROIR-NOIR,20645878002747,Electromenager,,1,0,999999,43000,35000,,,,0,43000,35000,Normal
692d77d43e004f0b56bcec03,FOUR-ENCASTRABLE GEANT GAS-ELECTRIC INOX,GF-FEA6GE-FFD-IU,20645874660175,Electromenager,,1,0,999999,43000,35000,,,,0,43000,35000,Normal
692d780f3e004f0b56bcec09,FOUR-ENCASTRABLE HOTPOINT ARISTION NOIR,2-BTN-GLASS,20645875236898,Electromenager,,1,0,999999,53000,50000,,,,0,53000,50000,Normal
692d761a3e004f0b56bcebe5,FOUR-ENCASTRABLE HOTPOINT ARISTON ,DIGITAL-2BTN-INOX,20645868414418,Electromenager,,1,0,999999,56000,52000,,,,0,56000,52000,Normal
692d788c3e004f0b56bcec15,FOUR-ENCASTRABLE HOTPOINT ARISTON ,3BTN-AFFICHEUR-NOIR,20645876517867,Electromenager,,1,0,999999,62000,54000,,,,0,62000,54000,Normal
692d73ea3e004f0b56bcebbc,FOUR-ENCASTRABLE HOTPOINT ARISTON GAS-ELECTIC INOX,GK-FEA6GE-FFD-IU,20645864643450,Electromenager,,2,0,999999,42000,39000,,19500,39000,39000,84000,78000,Normal
692d77943e004f0b56bcebfd,FOUR-ENCASTRABLE HOTPOINT ARISTON GAS-ELECTRIC 6-BTN INOX,B66-MFRY3,20645873974429,Electromenager,,2,0,999999,62000,56000,,28000,56000,56000,124000,112000,Normal
692d73753e004f0b56bceba4,FOUR-ENCASTRABLE MULTI SMART 70L INOX,LUCKY60AF11,20645863483617,Electromenager,,1,0,999999,42000,38200,,19100,38200,19100,42000,38200,Normal
692d74393e004f0b56bcebc5,FOUR-ENCASTRABLE MULTISMART 70L INOX ,LUCKY60-AF03,20645865311615,Electromenager,,1,0,999999,41500,37000,,,,0,41500,37000,Normal
692d75073e004f0b56bcebd1,FOUR-ENCASTRABLE MULTISMART GAS-ELECTRIC 80L INOX,LUCKY60AN01,20645867486652,Electromenager,,1,0,999999,41000,37000,,,,0,41000,37000,Normal
692d78f23e004f0b56bcec1e,FOUR-ENCASTRABLE MULTISMART GAS-ELECTRIC GLASS,GLASS-LUCKY60AF03,20645877353383,Electromenager,,1,0,999999,46000,37000,,36000,36000,36000,46000,37000,Normal
692d784e3e004f0b56bcec0f,FOUR-ENCASTRABLE MULTISMART GLASS 3BTN NOIR,LUCKY60AF02,20645875870254,Electromenager,,1,0,999999,41000,37000,,,,0,41000,37000,Normal
692d73323e004f0b56bceb9e,FOUR-ENCASTRABLE MULTISMART INOX 70L,LUCKY60AF03,20645858679377,Electromenager,,1,0,999999,42000,37000,,,,0,42000,37000,Normal
692d74b43e004f0b56bcebcb,FOUR-ENCASTRABLE THOMSON GLASS 70L NOIR,TFE-AGG60-BL,20645866676014,Electromenager,,0,0,999999,44000,37000,,,,0,0,0,Rupture
6934411d3e004f0b56bcfafa,FRITEUSE  CONTIGLOBAL BEIGE,CG-MAF3-CB,20650320831951,Electromenager,,1,0,999999,9500,8600,,,,0,9500,8600,Normal
6933edc73e004f0b56bcf82e,FRITEUSE + GRILL CONTIGLOBAL NOIR,CG-NAF65-IN,20650108453737,Electromenager,,2,0,999999,16500,14500,,4833.33,14500,9666.66,33000,29000,Normal
69343a5c3e004f0b56bcfad1,FRITEUSE + GRILL CONTIGLOBAL VERT,CG-MAF3-V,20650304262181,Electromenager,,2,0,999999,9500,8600,,4300,8600,8600,19000,17200,Normal
6933eccd3e004f0b56bcf807,FRITEUSE + GRILL MULTISMART DOUBLE BRA NOIR ,MS-AF3109,20650106245813,Electromenager,,1,0,999999,22500,18800,,,,0,22500,18800,Normal
6933ef043e004f0b56bcf84b,FRITEUSE BERGHAM AFFICHEUR NOIR ,AF-1011DTW-A,20650111937493,Electromenager,,1,0,999999,19000,17000,,,,0,19000,17000,Normal
6933ee9b3e004f0b56bcf83f,FRITEUSE BERGHAM DOUBLE BRA NOIR,AF-802T,20650110871334,Electromenager,,2,0,999999,24000,19800,,9900,19800,19800,48000,39600,Normal
695a47883432a6b7fb3cefad,FRITEUSE CONTIGLOBAL ,CG-MAF3-N,20675241387427,Electromenager,,1,0,999999,12500,8600,,,,0,12500,8600,Normal
6933ef3d3e004f0b56bcf851,FRITEUSE CONTIGLOBAL BLEU,CG-MAF3-BN,20650112395256,Electromenager,,3,0,999999,9900,8600,,2866.67,8600,8600.01,29700,25800,Normal
6934403c3e004f0b56bcfaf4,FRITEUSE CONTIGLOBAL BLUE ,CG-MAF4DP-BL,20650319875317,Electromenager,,6,0,999999,13000,10000,,8333.33,10000,49999.98,78000,60000,Normal
695a59b43432a6b7fb3d71f6,FRITEUSE CONTIGLOBAL GRIS,CG-MAF3-GS,20675288761256,Electromenager,,1,0,999999,12500,8600,,,,0,12500,8600,Normal
693440163e004f0b56bcfaee,FRITEUSE CONTIGLOBAL NOIR,CG-MAF4DP-N,20650312936425,Electromenager,,5,0,999999,13000,10000,,8000,10000,40000,65000,50000,Normal
6933ee603e004f0b56bcf839,FRITEUSE GEANT NOIR DOUBLE BRA,GN-MAF9DD,20650110236133,Electromenager,,1,0,999999,23000,20000,,,,0,23000,20000,Normal
695a5d673432a6b7fb3d966d,FRITEUSE MULTISMART,MS-AF3528,20675298169594,Electromenager,,0,0,999999,21500,17900,,,,0,0,0,Rupture
695a5d9e3432a6b7fb3d97d7,FRITEUSE MULTISMART ,MS-AF3234,20675298743754,Electromenager,,2,0,999999,12500,8500,,,,0,25000,17000,Normal
695a5dce3432a6b7fb3d9941,FRITEUSE MULTISMART ,MS-AF3226,20675299230568,Electromenager,,1,0,999999,16500,11900,,,,0,16500,11900,Normal
6955550b3432a6b7fb3c727e,FRITEUSE MULTISMART AFFICHEUR 6L,MS-AF3436,20671999044994,Electromenager,,1,0,999999,16000,11500,,,,0,16000,11500,Normal
69343b233e004f0b56bcfadd,FRITEUSE MULTISMART AFFICHEUR NOIR ,MS-AF3217,20650306583309,Electromenager,,2,0,999999,14000,11900,,5950,11900,11900,28000,23800,Normal
6933ed683e004f0b56bcf828,FRITEUSE MULTISMART BLANC,MS-AF3104,20650107771335,Electromenager,,2,0,999999,12500,8600,,4300,8600,8600,25000,17200,Normal
6933ed103e004f0b56bcf80d,FRITEUSE MULTISMART BLEU,MS-AF3426,20650106904695,Electromenager,,3,0,999999,13900,11600,,,,0,41700,34800,Normal
69343c673e004f0b56bcfae6,FRITEUSE MULTISMART GRIS ,MS-AF-3426,20650309878024,Electromenager,,1,0,999999,13500,,,,,0,13500,0,Normal
69343a9c3e004f0b56bcfad7,FRITEUSE MULTISMART NOIR ,MS-AF3638,20650305418028,Electromenager,,0,0,999999,22500,19300,,,,0,0,0,Rupture
695a57c03432a6b7fb3d5a3a,FRITEUSE SCHALLENGE ,MF-TY70M2,20675283690692,Electromenager,,0,0,999999,17500,12300,,,,0,0,0,Rupture
695a5c923432a6b7fb3d90c5,FRITEUSE SCHALLENGE ,MF-CN85WA2,20675296069103,Electromenager,,1,0,999999,21500,16300,,,,0,21500,16300,Normal
6933eed13e004f0b56bcf845,FRITEUSE SCHALLENGE NOIR ,MF-CY70M2,20650111372375,Electromenager,,4,0,999999,17500,14300,,10010,14300,40040,70000,57200,Normal
693404513e004f0b56bcf908,HACHOIR 3 ZONA MULTISMART,MS-HB304,20650166469982,Electromenager,,1,0,999999,7250,4900,,2450,4900,2450,7250,4900,Normal
693404743e004f0b56bcf90e,HACHOIR 3 ZONA SONIFER,SF-8044,20650166842941,Electromenager,,1,0,999999,4850,3400,,,,0,4850,3400,Normal
693409263e004f0b56bcf92e,HACHOIR CONTIGLOBAL ROUGE,HANJH2LR11928,20650178843351,Electromenager,,0,0,999999,2500,1600,,,,0,0,0,Rupture
693047e23e004f0b56bcf5bd,HACHOIR ELECTROGAS,C300B,20647717968637,Electromenager,,3,0,999999,4500,2900,,,,0,13500,8700,Normal
6930495f3e004f0b56bcf5fa,HACHOIR ELECTROGAS,C-500G,20647721256402,Electromenager,,3,0,999999,6500,4600,,,,0,19500,13800,Normal
695a54d73432a6b7fb3d416f,HACHOIR ELECTROGAS BLANC,C500-G,20675276192045,Electromenager,,3,0,999999,7500,4900,,,,0,22500,14700,Normal
6933f9e13e004f0b56bcf8a9,HACHOIR FIRAX ,ELECTRIC-BLENDER,20650139758462,Electromenager,,2,0,999999,2000,1100,,400,1200,800,4000,2200,Normal
693048113e004f0b56bcf5c3,HACHOIR MULTISMART,MS-FC2155,20647718421280,Electromenager,,5,0,999999,4850,3300,,2484,4500,12420,24250,16500,Normal
6930484b3e004f0b56bcf5c9,HACHOIR MULTISMART,MS-FC2131,20647719001685,Electromenager,,4,0,999999,3600,2200,,2200,2200,8800,14400,8800,Normal
693048883e004f0b56bcf5cf,HACHOIR MULTISMART,MS-FC101,20647719681605,Electromenager,,0,0,999999,4200,3500,,,,0,0,0,Rupture
693048bc3e004f0b56bcf5d5,HACHOIR MULTISMART,MS-FC2132,20647720144003,Electromenager,,3,0,999999,3800,2600,,1950,2600,5850,11400,7800,Normal
693049c33e004f0b56bcf606,HACHOIR MULTISMART,MS-FC1315,20647722765686,Electromenager,,1,0,999999,2950,1950,,,,0,2950,1950,Normal
693409ce3e004f0b56bcf940,HACHOIR SONIFER,SF-5505,20650180539996,Electromenager,,1,0,999999,5200,4200,,,,0,5200,4200,Normal
6930498e3e004f0b56bcf600,HACHOIR SONIFER ,SF-8051,20647722245433,Electromenager,,2,0,999999,4950,2900,,1450,2900,2900,9900,5800,Normal
695a5cc23432a6b7fb3d922f,HACHOIR VIANDE MULTISMART,MS-MG101,20675296540397,Electromenager,,1,0,999999,9500,6100,,,,0,9500,6100,Normal
695a5cef3432a6b7fb3d9399,HACHOIR VIANDE MULTISMART,MS-MG1041,20675297027037,Electromenager,,1,0,999999,9500,6100,,,,0,9500,6100,Normal
695513ea3432a6b7fb3c19ce,HOTTE ARCODYM 60,DYM-HCLB6,20671833254471,Electromenager,,0,0,999999,19500,16300,,,,0,0,0,Rupture
693405cf3e004f0b56bcf919,HOTTE ARISTON GRIS 40,GRIS-40CM,20650170261347,Electromenager,,1,0,999999,35000,31000,,,,0,35000,31000,Normal
695a4ee83432a6b7fb3d0aba,HOTTE ELECTROGAS CLASSICO,CLASSICO-D90-INOX,20675261073291,Electromenager,,1,0,999999,17500,13000,,,,0,17500,13000,Normal
69340e8c3e004f0b56bcf994,HOTTE ELECTROGAS GLASS 40,ELECTROGAS-GLASS-40CM,20650192355999,Electromenager,,1,0,999999,19000,13000,,,,0,19000,13000,Normal
695514283432a6b7fb3c1ab4,HOTTE GEANT 60,GK-KHDK6-I,20671833834073,Electromenager,,1,0,999999,11000,9800,,,,0,11000,9800,Normal
69550ff73432a6b7fb3c1854,HOTTE MIDEA 60,C60F49-I,20671801283141,Electromenager,,1,0,999999,15500,11600,,,,0,15500,11600,Normal
695a4e8e3432a6b7fb3d0982,HOTTE MULTISMART,MS-CH1029,20675260167777,Electromenager,,1,0,999999,19500,15500,,,,0,19500,15500,Normal
6933f94a3e004f0b56bcf895,HOTTE MULTISMART 60 INOX,60CM-INOX,20650138199090,Electromenager,,1,0,999999,14000,11600,,,,0,14000,11600,Normal
6933f99e3e004f0b56bcf8a1,HOTTE MULTISMART 90 INOX,90CM-INOX,20650139081106,Electromenager,,2,0,999999,19000,16000,,,,0,38000,32000,Normal
6933f9763e004f0b56bcf89b,HOTTE MULTISMART 90 NOIR,90CM-NOIR,20650138651025,Electromenager,,1,0,999999,17800,13000,,,,0,17800,13000,Normal
693406083e004f0b56bcf922,HOTTE NOVACEL 90 INOX,NOVA-90CM-INOX,20650170769906,Electromenager,,1,0,999999,25000,21500,,,,0,25000,21500,Normal
695a56b03432a6b7fb3d549b,HOTTE SCHALLENGE ,AMB-60F51-B,20675280966778,Electromenager,,1,0,999999,14500,10000,,,,0,14500,10000,Normal
695a56e03432a6b7fb3d55f1,HOTTE SCHALLENGE INOX,AMB-60F51-I,20675281487646,Electromenager,,1,0,999999,15200,10500,,,,0,15200,10500,Normal
6934063f3e004f0b56bcf928,HOTTE SCHALLENGE INOX 60,AMB60F51-I,20650171382229,Electromenager,,2,0,999999,13000,10000,,10000,10000,20000,26000,20000,Normal
695514613432a6b7fb3c1b9a,JUICER MIDEA,MG-GS20B21,20671834451031,Electromenager,,0,0,999999,21500,19000,,,,0,0,0,Rupture
69340a213e004f0b56bcf94c,JUICER MULTISMART,MS-JC2022,20650181309914,Electromenager,,2,0,999999,16500,12700,,,,0,33000,25400,Normal
69340a493e004f0b56bcf952,JUICER MULTISMART,MS-JC2031,20650181723358,Electromenager,,1,0,999999,16500,12700,,,,0,16500,12700,Normal
695514973432a6b7fb3c1c80,JUICER MULTISMART,MS-GS102,20671834981756,Electromenager,,1,0,999999,8500,6000,,,,0,8500,6000,Normal
693409ae3e004f0b56bcf93a,JUICER SCHALLENGE ,AMB-JE3001A,20650180166071,Electromenager,,1,0,999999,7700,5200,,,,0,7700,5200,Normal
693409593e004f0b56bcf934,JUICER SONIFER,SF-5523,20650179343751,Electromenager,,1,0,999999,7200,4500,,,,0,7200,4500,Normal
69415f76d19f9618d0867754,LAVE LINGE 11KG LUXURY GRISE GEANT,GN-FLS11RDY-G,20658919356030,Electromenager,,1,0,999999,92000,85000,,,,0,92000,85000,Normal
6937fd8a81c7066676215e69,MACHINE A CAFE GEANT PORTABLE,GN-CMST509A-R,20652770573282,Electromenager,,23,0,999999,7000,6800,,,,0,161000,156400,Normal
6933e9953e004f0b56bcf79a,MACHINE A COUDRE EAGLFLY ,BLACK-METAL,20650098036213,Electromenager,,1,0,999999,32000,29000,,,,0,32000,29000,Normal
6933e9623e004f0b56bcf794,MACHINE A COUDRE TOYOTA,SPF17,20650097451017,Electromenager,,2,0,999999,36000,35000,,,,0,72000,70000,Normal
6933f8f73e004f0b56bcf88f,MACHINE A CREPE SONIFER,SF-3033,20650137393184,Electromenager,,2,0,999999,3500,1200,,600,1200,1200,7000,2400,Normal
69302f0b3e004f0b56bcf4cf,MACHINE A GOFFRE BOMANN,WA-5018,20647653029183,Electromenager,,2,0,999999,3500,2000,,1666.66,2000,3333.32,7000,4000,Normal
692d9abd3e004f0b56bced0f,MACHINE A LAVER  MULTISMART 8KG BLANC PLASTIC,MS-WM1108,20645963570920,Electromenager,,1,0,999999,32000,28500,,,,0,32000,28500,Normal
68f9f4b384e5c25e35d27b6d,MACHINE A LAVER 10.5KG BLANC GEANT,GN-FLA105TI2-B,20612115158482,Electromenager,,2,0,999999,55000,48000,,,,0,110000,96000,Normal
68fa043584e5c25e35d27cc9,MACHINE A LAVER 10.5KG GRISE GEANT,GN-FLA105MCI-I,20612155053715,Electromenager,,1,0,999999,71000,66500,,,,0,71000,66500,Normal
68fa057484e5c25e35d27ce9,MACHINE A LAVER 11KG NOIR GEANT,GN-SFL11RD-G,20612158475152,Electromenager,,0,0,999999,82000,76000,,,,0,0,0,Rupture
68fa07d684e5c25e35d27d27,MACHINE A LAVER 12KG BLANC GEANT,GE-MLSAF-12PL-B,20612164567872,Electromenager,,0,0,999999,27000,22500,,,,0,0,0,Rupture
68fa080f84e5c25e35d27d2f,MACHINE A LAVER 12KG GRIS GEANT ,GN-MLSA120T350P,20612165134524,Electromenager,,1,0,999999,25000,22500,,,,0,25000,22500,Normal
68fa03d384e5c25e35d27cc1,MACHINE A LAVER 8KG BLANC ENCASTRABLE GEANT,GN-FELA86M,20612153630677,Electromenager,,3,0,999999,77000,75000,,18750,75000,56250,231000,225000,Normal
68fa061684e5c25e35d27cf9,MACHINE A LAVER 8KG MAUVE MULTISMART ,MS-WM2111,20612160037470,Electromenager,,1,0,999999,47000,41400,,,,0,47000,41400,Normal
692d93b33e004f0b56bcecc1,MACHINE A LAVER ARCODYM  PLASTIC 8KG BLANC ,AUT-8OOO,20645944156361,Electromenager,,1,0,999999,44000,31000,,,,0,44000,31000,Normal
68fa08a484e5c25e35d27d3f,MACHINE A LAVER ARCODYM 12KG PLASTIC,AW-1300GTT,20612166640440,Electromenager,,0,0,999999,25500,23500,,,,0,0,0,Rupture
692d832c3e004f0b56bcec5d,MACHINE A LAVER ARTCOOL 9KG BLANC,ART-1059LT1-W,20645903666514,Electromenager,,1,0,999999,60000,56000,,,,0,60000,56000,Normal
68fa069e84e5c25e35d27d09,MACHINE A LAVER BLANC 10KG MULTISMART,MS-WM1110,20612161434670,Electromenager,,1,0,999999,42000,36000,,36000,36000,36000,42000,36000,Normal
68fa04a784e5c25e35d27cd1,MACHINE A LAVER BLANC 11KG HOOVER,H3W4112DK-ALG,20612156309718,Electromenager,,2,0,999999,58000,50000,,37500,50000,75000,116000,100000,Normal
68fa05bc84e5c25e35d27cf1,MACHINE A LAVER BLANC 7KG TONIA ARCODYM,DYM-MLSN1710,20612159148914,Electromenager,,2,0,999999,55000,49000,,,,0,110000,98000,Normal
692d84d43e004f0b56bcec7a,MACHINE A LAVER CONDOR 8KG BLANC,WAF-KU241L3W,20645907960749,Electromenager,,1,0,999999,55000,47000,,,,0,55000,47000,Normal
692d846e3e004f0b56bcec6e,MACHINE A LAVER CONTIGLOBAL 8KG GRIS,CG-FLAO8IU-G,20645906923868,Electromenager,,0,0,999999,50000,43000,,,,0,0,0,Rupture
692d96213e004f0b56bceccd,MACHINE A LAVER CRISTOR 10.5K BLANC PLASTIC,WS-XM1BL,20645952225084,Electromenager,,1,0,999999,25500,22500,,,,0,25500,22500,Normal
68fa087184e5c25e35d27d37,MACHINE A LAVER GEANT 12KG PLASTIC,GE-MFSA-213,20612166088844,Electromenager,,1,0,999999,25500,23500,,23500,23500,23500,25500,23500,Normal
692d9a2e3e004f0b56bced07,MACHINE A LAVER GEANT BOBBLY 10.5KG NOIR METAL,GN-TLA105K-G,20645961656848,Electromenager,,2,0,999999,54000,48000,,,,0,108000,96000,Normal
68fa04f384e5c25e35d27cd9,MACHINE A LAVER GRIS 9KG ARTCOOL,EL-F912CD,20612157076198,Electromenager,,1,0,999999,61000,56000,,,,0,61000,56000,Normal
692d838f3e004f0b56bcec68,MACHINE A LAVER HISENSE 8KG GRIS INVENTER,WFQ-P8014EVMT,20645904526106,Electromenager,,0,0,999999,60000,52000,,,,0,0,0,Rupture
68fa072284e5c25e35d27d1f,MACHINE A LAVER LA TOP 8KG GRIS MIDEA,MA-100,20612162569632,Electromenager,,1,0,999999,43000,35000,,,,0,43000,35000,Normal
692d98ab3e004f0b56bcecfb,MACHINE A LAVER MIDEA 10.5KG GRIS METAL ,MA-200,20645958739161,Electromenager,,1,0,999999,45500,41000,,,,0,45500,41000,Normal
695532463432a6b7fb3c2af3,MACHINE A LAVER MINI ARCODYM,AW-5500ST,20671910935186,Electromenager,,1,0,999999,12500,10500,,10500,10500,10500,12500,10500,Normal
692d98413e004f0b56bcecf5,MACHINE A LAVER SAMSUNG  7KG GRIS METAL,WA70H42005YOBS,20645957534121,Electromenager,,1,0,999999,48000,41000,,,,0,48000,41000,Normal
692d84a63e004f0b56bcec74,MACHINE A LAVER SAMSUNG 8KG BLANC INVENTER,WW80TA046TEOBS,20645907504038,Electromenager,,2,0,999999,73000,62900,,31450,62900,62900,146000,125800,Normal
692d95c73e004f0b56bcecc7,MACHINE A LAVER SAMSUNG METAL 7KG BLANC,WA70H4200SWOBS,20645951308768,Electromenager,,2,0,999999,48000,41000,,,,0,96000,82000,Normal
68fa06e784e5c25e35d27d11,MACHINE A LAVER TOP 10.5KG GRIS MIDEA,MA100,20612162041390,Electromenager,,1,0,999999,48000,39000,,,,0,48000,39000,Normal
696384883432a6b7fb3e6334,MACHINE A PATTE ,MS-PM101,20681296603299,Electromenager,,2,0,999999,3800,2600,,1300,2600,2600,7600,5200,Normal
6933e9cf3e004f0b56bcf7a0,MACHINE A PATTE INOX MANUAL,MANUAL-INOX,20650098607419,Electromenager,,1,0,999999,4200,2600,,,,0,4200,2600,Normal
693442943e004f0b56bcfb1a,MACHINE A PETIT DEJEUNER MULTISMART 3IN1,MS-BF101,20650325875639,Electromenager,,2,0,999999,9500,7800,,3900,7800,7800,19000,15600,Normal
6933f8cb3e004f0b56bcf889,MACHINE A PIZZA MULTISMART ,MS-PZ1211,20650136974457,Electromenager,,3,0,999999,6500,5200,,,,0,19500,15600,Normal
692d97ea3e004f0b56bcecef,MACHINE A VAISSELLE CRISTOR 12K GRIS  METAL ,DWFG12CRI,20645956807167,Electromenager,,1,0,999999,75000,65000,,,,0,75000,65000,Normal
692d96b43e004f0b56bcecd7,MACHINE A VAISSELLE HYUNDAI METAL 16K NOIR,HYDW-GLW15D3A201LS,20645953689483,Electromenager,,1,0,999999,88000,75000,,,,0,88000,75000,Normal
692d9b073e004f0b56bced15,MACHINE A VAISSELLE MULTISMART 14K GRIS METAL,BRILLANT-1402SI,20645964789739,Electromenager,,1,0,999999,60000,55000,,,,0,60000,55000,Normal
692d97363e004f0b56bcecdd,MACHINE A VAISSELLE RAYLAN 12K NOIR METAL,RLVG-PL-12-SB,20645955019327,Electromenager,,1,0,999999,79000,67000,,,,0,79000,67000,Normal
692d97b23e004f0b56bcece9,MACHINE A VAISSELLE SCHALLENGE 14K GRIS METAL,AMB-7609Q-I,20645956267884,Electromenager,,1,0,999999,72000,69000,,,,0,72000,69000,Normal
692d97723e004f0b56bcece3,MACHINE A VAISSELLE SCHALLENGE 14K NOIR METAL,AMB-7609Q-BI,20645955616528,Electromenager,,1,0,999999,68000,62000,,,,0,68000,62000,Normal
6933f8983e004f0b56bcf883,MARMITE ELECTRIC ROYALTYLINE ROUGE,ES-1500-11-1,20650136443101,Electromenager,,1,0,999999,8500,6000,,,,0,8500,6000,Normal
6927109a7544bd97f2349138,MICRO-ONDE CONTI GLOBAL 20L BLANC ,CG-MMGV720M-B,20641675286900,Electromenager,,1,0,999999,17000,14000,,,,0,17000,14000,Normal
6928345ce4db9309009df9f5,MICRO-ONDE CONTI GLOBAL GRIS 20L,CG-MWGF720D-G,20642423575181,Electromenager,,1,0,999999,25000,14500,,,,0,25000,14500,Normal
692c18b43e004f0b56bce7cb,MICRO-ONDE CONTIGLOBAL GRIS 20L,CG-MWGV720M-G,20644975741007,Electromenager,,1,0,999999,17500,14500,,,,0,17500,14500,Normal
692c1a3c3e004f0b56bce7f3,MICRO-ONDE CONTIGLOBAL NOIRE 23L,NOIRE-CG-MWGF723D-N,20644979585887,Electromenager,,1,0,999999,25000,22000,,22000,22000,22000,25000,22000,Normal
692c19b13e004f0b56bce7e1,MICRO-ONDE CONTIGLOBAL NOIRE 25L,CG-AG925MG-N,20644978270687,Electromenager,,1,0,999999,26000,20000,,,,0,26000,20000,Normal
695febff3432a6b7fb3e4f17,MICRO-ONDE ENCASTRABLE MIDEA ,TG9033BP-N,20678940009073,Electromenager,,1,0,999999,48500,44900,,,,0,48500,44900,Normal
692ad0843e004f0b56bce25d,MICRO-ONDE GEANT,GEANT-GN-MWGB823D-N,20644135366931,Electromenager,,2,0,999999,26000,23500,,,,0,52000,47000,Normal
6928368ee4db9309009dfa27,MICRO-ONDE GEANT NOIRE 30L,GK-MWGD30-N,20642428471743,Electromenager,,1,0,999999,27000,24000,,,,0,27000,24000,Normal
692c194d3e004f0b56bce7da,MICRO-ONDE GEANT NOIRE 30L,GK-MWGP30-N,20644977234123,Electromenager,,1,0,999999,27000,24000,,,,0,27000,24000,Normal
692c1aa73e004f0b56bce80a,MICRO-ONDE HYUNDAI BRONZE 25L,BRONZE-HYMW-WLE25MXP01BG,20644980671966,Electromenager,,1,0,999999,25000,22500,,,,0,25000,22500,Normal
69285251e4db9309009dfb41,MICRO-ONDE HYUNDAI GRIS 30L,HYMW-WLE30PXP02S,20642500774730,Electromenager,,1,0,999999,28500,26500,,,,0,28500,26500,Normal
69284d3ae4db9309009dfafb,MICRO-ONDE HYUNDAI NOIRE 25L ,HYMW-WLE25PXP45B,20642433678146,Electromenager,,1,0,999999,28500,23000,,,,0,28500,23000,Normal
69270d467544bd97f23490ff,MICRO-ONDE MIDEA 20L BLANC,MM720C2AT,20641667029300,Electromenager,,4,0,999999,19500,17300,,,,0,78000,69200,Normal
692b06133e004f0b56bce3e1,MICRO-ONDE MIDEA 20L BLANC ,MM7P012LW,20644272687933,Electromenager,,3,0,999999,17500,15000,,,,0,52500,45000,Normal
69271ce97544bd97f23491f7,MICRO-ONDE MIDEA 20L GRIS ,MM720C2MV-S,20641707307465,Electromenager,,1,0,999999,19500,17300,,,,0,19500,17300,Normal
692b03413e004f0b56bce3c1,MICRO-ONDE MIDEA 20L NOIRE,MM720C2MV-B,20644263576257,Electromenager,,4,0,999999,19500,16500,,,,0,78000,66000,Normal
692acf0a3e004f0b56bce24f,MICRO-ONDE MIDEA 23L INOX ,23L-AG823ABX,20644131602213,Electromenager,,3,0,999999,26000,21900,,,,0,78000,65700,Normal
692ae00b3e004f0b56bce30b,MICRO-ONDE MIDEA 23L INOX  ,23L-MM720C2AT-B,20644174844672,Electromenager,,2,0,999999,24500,15400,,,,0,49000,30800,Normal
692703aa7544bd97f2349007,MICRO-ONDE MIDEA 24L INOX,AG823AY7,20641643881697,Electromenager,,2,0,999999,25500,21900,,,,0,51000,43800,Normal
692722a57544bd97f2349214,MICRO-ONDE MIDEA BLANC 20L,MM7PO12LW,20641722351623,Electromenager,,1,0,999999,18000,16000,,,,0,18000,16000,Normal
692c1b073e004f0b56bce81c,MICRO-ONDE MIDEA NOIR 23L,NOIR-AG823AY7,20644981614443,Electromenager,,1,0,999999,25500,21900,,,,0,25500,21900,Normal
692c190e3e004f0b56bce7d4,MICRO-ONDE MIDEA NOIRE  20L,NOIR-MM7PO12LW-B,20644976576848,Electromenager,,3,0,999999,18000,16000,,10666.67,16000,32000.01,54000,48000,Normal
69282e76e4db9309009df8d3,MICRO-ONDE MIDEA NOIRE 20L,MM720C2AT-B,20642404503571,Electromenager,,1,0,999999,18000,16000,,,,0,18000,16000,Normal
69282ff3e4db9309009df8dd,MICRO-ONDE MULTISMART 20L BLANC,MS-MW1320,20642411460856,Electromenager,,2,0,999999,17500,13700,,,,0,35000,27400,Normal
6927140e7544bd97f234916d,MICRO-ONDE MULTISMART 20L BLANC ,MS-MW1120W,20641683654273,Electromenager,,1,0,999999,17500,14600,,,,0,17500,14600,Normal
69271f527544bd97f2349204,MICRO-ONDE MULTISMART 30L NOIRE,MS-MW2230,20641712720185,Electromenager,,1,0,999999,26500,22700,,,,0,26500,22700,Normal
69286304e4db9309009dfb87,MICRO-ONDE MULTISMART INOX 28L ,MS-MW2128,20642540330104,Electromenager,,1,0,999999,24000,21900,,,,0,24000,21900,Normal
692709997544bd97f23490d3,MICRO-ONDE MULTISMART NOIRE ,MS-MW1220,20641658548823,Electromenager,,1,0,999999,18000,15500,,,,0,18000,15500,Normal
692864cee4db9309009dfba5,MICRO-ONDE SCHALLENGE GRIS 23L,AGOP042DC-S,20642546918118,Electromenager,,1,0,999999,26000,22800,,,,0,26000,22800,Normal
692c1c523e004f0b56bce837,MICRO-ONDE SCHALLENGE GRIS 28L,AGOP042DL-S,20644984911404,Electromenager,,1,0,999999,28500,23800,,,,0,28500,23800,Normal
6934438e3e004f0b56bcfb26,MOULINETTE A CAFE MULTISMART,MS-GD4101,20650328309876,Electromenager,,3,0,999999,2750,1800,,1200,1800,3600,8250,5400,Normal
693047933e004f0b56bcf5b7,MOULINETTE KRUPS,GX332810,20647717240795,Electromenager,,1,0,999999,9500,7300,,,,0,9500,7300,Normal
6930473c3e004f0b56bcf5ab,MOULINETTE SONIFER,SF-3508,20647716365358,Electromenager,,4,0,999999,2700,1700,,425,1700,1700,10800,6800,Normal
693047683e004f0b56bcf5b1,MOULINETTE SONIFER ,SF-3537,20647716808154,Electromenager,,9,0,999999,2850,2000,,1230.77,2000,11076.93,25650,18000,Normal
69302bbc3e004f0b56bcf4b4,PANINEUSE CONTIGLOBAL,CG-PNE27B,20647645367028,Electromenager,,2,0,999999,12500,9000,,4500,9000,9000,25000,18000,Normal
6953b32c3432a6b7fb3bcd58,PANINEUSE CONTIGLOBAL,CG-PNE06B,20670930179836,Electromenager,,1,0,999999,13800,10000,,,,0,13800,10000,Normal
695a60693432a6b7fb3daa82,PANINEUSE CONTIGLOBAL,CG-SMC6369M,20675305896081,Electromenager,,1,0,999999,6500,3700,,,,0,6500,3700,Normal
69302b183e004f0b56bcf4ae,PANINEUSE CONTIGLOBAL INOX,GN-PNE10B,20647644023816,Electromenager,,2,0,999999,10500,7500,,3750,7500,7500,21000,15000,Normal
69300a4d3e004f0b56bcf414,PANINEUSE MULTISMART,MS-SW1011,20647560367793,Electromenager,,3,0,999999,3200,2150,,1612.5,2150,4837.5,9600,6450,Normal
69300a9c3e004f0b56bcf41a,PANINEUSE MULTISMART,MS-SW102,20647561066035,Electromenager,,1,0,999999,2950,1900,,,,0,2950,1900,Normal
69300ac53e004f0b56bcf420,PANINEUSE MULTISMART,MS-SW2025,20647561530192,Electromenager,,1,0,999999,2950,1900,,,,0,2950,1900,Normal
69300b1e3e004f0b56bcf42c,PANINEUSE MULTISMART,MS-SW1113,20647562460278,Electromenager,,2,0,999999,2850,1750,,1166.67,1750,2333.34,5700,3500,Normal
69300b463e004f0b56bcf432,PANINEUSE MULTISMART,MS-SW1013,20647562857638,Electromenager,,1,0,999999,2850,1950,,,,0,2850,1950,Normal
69300b9b3e004f0b56bcf43e,PANINEUSE MULTISMART,MS-SW8011,20647563706993,Electromenager,,2,0,999999,1950,1300,,,,0,3900,2600,Normal
69300c643e004f0b56bcf44a,PANINEUSE MULTISMART,MS-GL101,20647565716118,Electromenager,,0,0,999999,4250,2700,,,,0,0,0,Rupture
695a550f3432a6b7fb3d4362,PANINEUSE MULTISMART,MS-SW2123,20675276807000,Electromenager,,1,0,999999,4900,3700,,,,0,4900,3700,Normal
695a55bc3432a6b7fb3d4cc6,PANINEUSE MULTISMART,MS-SW8021,20675278555482,Electromenager,,2,0,999999,3900,2400,,1200,2400,2400,7800,4800,Normal
695a58b73432a6b7fb3d68a7,PANINEUSE MULTISMART,MS-SW1016,20675286170935,Electromenager,,1,0,999999,3400,2200,,,,0,3400,2200,Normal
69300af53e004f0b56bcf426,PANINEUSE MULTISMART ,MS-SW105,20647561990277,Electromenager,,1,0,999999,2850,1950,,,,0,2850,1950,Normal
69300b6e3e004f0b56bcf438,PANINEUSE MULTISMART ,MS-SW3011,20647563271233,Electromenager,,1,0,999999,5800,3750,,,,0,5800,3750,Normal
69300bc13e004f0b56bcf444,PANINEUSE MULTISMART ,MS-SW2023,20647564099395,Electromenager,,5,0,999999,4200,3700,,2960,3700,14800,21000,18500,Normal
69302cca3e004f0b56bcf4c0,PANINEUSE MULTISMART GRILL,MS-GL1141,20647648455267,Electromenager,,1,0,999999,11400,8800,,,,0,11400,8800,Normal
693029463e004f0b56bcf4a8,PANINEUSE MULTISMART GRILL ,MS-GL202,20647637366616,Electromenager,,2,0,999999,6250,4400,,,,0,12500,8800,Normal
69302d6e3e004f0b56bcf4c6,PANINEUSE MULTISMART GRILL ,MS-GL1111,20647649364300,Electromenager,,1,0,999999,8950,6100,,,,0,8950,6100,Normal
69302c143e004f0b56bcf4ba,PANINEUSE TEFAL GRILL MULTI FONCTION ,SERIE G06-M,20647646729663,Electromenager,,2,0,999999,32000,27000,,9000,27000,18000,64000,54000,Normal
69284df7e4db9309009dfb0f,PETRIN 5L ROUGE AFFICHEUR  MS,MS-SM101-5,20642490093833,Electromenager,,2,0,999999,25500,24700,,12350,24700,24700,51000,49400,Normal
6928353de4db9309009dfa09,PETRIN 6L MS BLEU ,MS-SM1056,20642426634960,Electromenager,,1,0,999999,16000,13900,,,,0,16000,13900,Normal
69283877e4db9309009dfa48,PETRIN ARCODYM BLEU MULTIFONCTION ,CK198BG,20642435240793,Electromenager,,1,0,999999,29000,15500,,,,0,29000,15500,Normal
692863f2e4db9309009dfb9b,PETRIN BERGHAM BEIGE 6L ,GM-183,20642546251655,Electromenager,,1,0,999999,19500,14500,,,,0,19500,14500,Normal
69286862e4db9309009dfbc3,PETRIN CAMRY INOX AFFICHEUR ,CR-4223,20642556443730,Electromenager,,1,0,999999,29500,24500,,,,0,29500,24500,Normal
695a5c503432a6b7fb3d8f5b,PETRIN CONTIGLOBAL 5L INOX,CG-PL5MX-IN,20675295282476,Electromenager,,1,0,999999,19500,15000,,,,0,19500,15000,Normal
692860c3e4db9309009dfb51,PETRIN CONTIGLOBAL 6L INOX/ROUGE,CG-PL6MX-IR,20642538364780,Electromenager,,1,0,999999,19000,17500,,,,0,19000,17500,Normal
692881ff082fdd4ac6902899,PETRIN CONTIGLOBAL INOX 6L,CG-PL6MX-IN,20642622744524,Electromenager,,2,0,999999,19000,17500,,8750,17500,17500,38000,35000,Normal
692718007544bd97f23491da,PETRIN CRAFT 10KG GRIS ,SM-2088,20641696608846,Electromenager,,0,0,999999,55000,48000,,48000,48000,0,0,0,Rupture
692879f6e4db9309009dfc9a,PETRIN CRAFT DOUBLE CROCHET GRIS,MK-50,20642602882779,Electromenager,,1,0,999999,39000,32000,,,,0,39000,32000,Normal
69286f26e4db9309009dfbf2,PETRIN CRAFT GRISE ,MK-5102,20642575258852,Electromenager,,5,0,999999,30000,25000,,20000,25000,100000,150000,125000,Normal
695a49083432a6b7fb3cf4ab,PETRIN CRRAFT,MK-39BG,20675246015983,Electromenager,,1,0,999999,37000,32000,,,,0,37000,32000,Normal
69284f8ce4db9309009dfb23,PETRIN DOUBLE CROCHET 6L BLEU MS,MS-SM2206,20642493348704,Electromenager,,2,0,999999,23000,19300,,9650,19300,19300,46000,38600,Normal
69271a5f7544bd97f23491f2,PETRIN DOUBLE CROCHET MS 8L,MS-SM2528,20641702611567,Electromenager,,1,0,999999,34000,29800,,,,0,34000,29800,Normal
69283488e4db9309009df9ff,PETRIN DOUBLE CROCHET MS 8L ,MS-SM2508,20642424046569,Electromenager,,4,0,999999,37500,30800,,15400,30800,61600,150000,123200,Normal
69283717e4db9309009dfa34,PETRIN ELECTROGAS 3EN1 GRISE,MS323,20642431333831,Electromenager,,3,0,999999,37000,30000,,20000,30000,60000,111000,90000,Normal
692837f1e4db9309009dfa3e,PETRIN GEANT 10L 2000W INOX ,GN-PL10ML-IN,20642433237608,Electromenager,,1,0,999999,27500,23500,,,,0,27500,23500,Normal
69284d65e4db9309009dfb05,PETRIN GEANT 6.5L ROUGE,GN-PL65MX-R,20642488595114,Electromenager,,2,0,999999,24000,17500,,13125,17500,26250,48000,35000,Normal
69287770e4db9309009dfc72,PETRIN GEANT 7L ROUGE ,GN-PL7MX-R,20642596197168,Electromenager,,2,0,999999,23500,19000,,9500,19000,19000,47000,38000,Normal
6928390ee4db9309009dfa52,PETRIN KENWOOD 3EN1 GRIS,KENWOOD,20642436273437,Electromenager,,4,0,999999,42000,37000,,9250,37000,37000,168000,148000,Normal
69283ac9e4db9309009dfaa1,PETRIN MIDEA 5L BLEU,MJ-KM600,20642441132873,Electromenager,,1,0,999999,20500,15000,,15000,15000,15000,20500,15000,Normal
6928627ae4db9309009dfb7d,PETRIN MOSER 3EN1 GRIS MATT,MS301,20642542698383,Electromenager,,3,0,999999,31500,27000,,,,0,94500,81000,Normal
69286332e4db9309009dfb91,PETRIN MOSER MULTIFONCTION GRIS,MS401,20642544601331,Electromenager,,1,0,999999,33000,30000,,,,0,33000,30000,Normal
69288147082fdd4ac690287f,PETRIN MS 10L DOUBLE CROCHET ,MS-SM2410,20642621029244,Electromenager,,2,0,999999,27000,23300,,11650,23300,23300,54000,46600,Normal
69288091082fdd4ac6902879,PETRIN MS 10L INOX AFFICHEUR  ,MS-SM2310,20642618996441,Electromenager,,1,0,999999,27000,22500,,,,0,27000,22500,Normal
69283a63e4db9309009dfa94,PETRIN MS 1400W ROUGE ,MS-SM8081,20642439930951,Electromenager,,0,0,999999,21900,18900,,,,0,0,0,Rupture
692868b7e4db9309009dfbcd,PETRIN MS 5L INOX ,MS-SM103-5,20642558797655,Electromenager,,1,0,999999,18000,14500,,,,0,18000,14500,Normal
69286face4db9309009dfc03,PETRIN MS 6L BLEU ,MS-SM1046,20642576285174,Electromenager,,2,0,999999,15000,11500,,5750,11500,11500,30000,23000,Normal
692835d9e4db9309009dfa13,PETRIN MS 6L GRIS AFFICHEUR ,MS-SM2106,20642428134006,Electromenager,,3,0,999999,21000,16100,,10300,16100,30900,63000,48300,Normal
69287ebc082fdd4ac6902828,PETRIN MS 8L ,MS-SM2408,20642615196204,Electromenager,,2,0,999999,26000,21500,,10750,21500,21500,52000,43000,Normal
692839cfe4db9309009dfa8a,PETRIN MS 8L ROUGE AFFICHEUR,MS-SM2108,20642438422950,Electromenager,,4,0,999999,21000,19400,,9700,19400,38800,84000,77600,Normal
6928665ee4db9309009dfbaf,PETRIN MS ARGENT 6L ,MS-SM105-6.5,20642547616451,Electromenager,,1,0,999999,23500,18500,,,,0,23500,18500,Normal
695a46da3432a6b7fb3cec95,PETRIN MULTISMART,MS-SM8061,20675240255890,Electromenager,,1,0,999999,20500,16100,,,,0,20500,16100,Normal
695a47d13432a6b7fb3cf17e,PETRIN MULTISMART,MS-SM2608,20675242925585,Electromenager,,2,0,999999,25500,21500,,10750,21500,21500,51000,43000,Normal
695a5f933432a6b7fb3da41e,PETRIN MULTISMART ,MS-SM106,20675303740243,Electromenager,,1,0,999999,29500,24500,,,,0,29500,24500,Normal
692719177544bd97f23491e2,PETRIN MULTISMART 3EN1 INOX,MS-SM3308,20641699227729,Electromenager,,0,0,999999,31000,25800,,25800,25800,0,0,0,Rupture
695a467a3432a6b7fb3cea2c,PETRIN MULTISMART 5IN1 ,SM3115,20675239383254,Electromenager,,1,0,999999,24700,20700,,,,0,24700,20700,Normal
695a58ef3432a6b7fb3d6a05,PETRIN MULTISMART 5L,MS-SM8051,20675286707418,Electromenager,,1,0,999999,17500,12600,,,,0,17500,12600,Normal
692717087544bd97f23491a0,PETRIN MULTISMART 8L INOX AFFICH,MS-SM2308,20641694643243,Electromenager,,1,1,999999,25000,21500,,21500,21500,21500,25000,21500,Faible
695a5e703432a6b7fb3d9cc8,PETRIN MULTISMART INOX,MS-SM2208,20675300812793,Electromenager,,1,0,999999,27500,21500,,,,0,27500,21500,Normal
695a5a873432a6b7fb3d7a91,PETRIN MULTISMART INOX 3IN1,MS-SM-3115,20675290521982,Electromenager,,1,0,999999,25500,20700,,,,0,25500,20700,Normal
695a5ad63432a6b7fb3d7ca2,PETRIN MULTISMART INOX 3IN1,SANS-REF,20675291618700,Electromenager,,1,0,999999,31000,27500,,,,0,31000,27500,Normal
692719a97544bd97f23491ea,PETRIN MUTISMART BLEU 10L,MS-SM2210,20641700926689,Electromenager,,1,0,999999,25000,21000,,10500,21000,10500,25000,21000,Normal
69285047e4db9309009dfb2d,PETRIN ORANGE DOUBLE CROCHET 8L MS,MS-SM2518,20642495948946,Electromenager,,2,0,999999,34000,30300,,15150,30300,30300,68000,60600,Normal
695a4da63432a6b7fb3d0360,PETRIN SCHALLENGE GRIS,AMB-SM02G,20675257859440,Electromenager,,1,0,999999,22500,17900,,,,0,22500,17900,Normal
695a496c3432a6b7fb3cf860,PETRIN SCHALLENGE NOIR,AMB-SM02B,20675246989036,Electromenager,,1,0,999999,22500,17900,,,,0,22500,17900,Normal
69287491e4db9309009dfc3f,PETRIN SCHALLENGE NOIR ,AMB-SM01B,20642588624697,Electromenager,,1,0,999999,15500,11000,,,,0,15500,11000,Normal
69287654e4db9309009dfc5e,PETRIN SONIFER 3EN1 GRIS ,SF-8075,20642593153812,Electromenager,,2,0,999999,27500,22000,,11000,22000,22000,55000,44000,Normal
695a5b2f3432a6b7fb3d7eb3,PETRIN SONIFER 3IN1,SF-8085,20675292428542,Electromenager,,1,0,999999,23500,19800,,,,0,23500,19800,Normal
692876afe4db9309009dfc68,PETRIN STARMAN 7.5L INOX ,HMS-SC675,20642594622610,Electromenager,,1,0,999999,27500,21000,,,,0,27500,21000,Normal
6928367de4db9309009dfa1d,PETRIN STARMAN INOX 12L,HMS-SC212,20642429811289,Electromenager,,1,0,999999,21800,17000,,,,0,21800,17000,Normal
69284e84e4db9309009dfb19,PETRIN WESTCROWN 7L INOX/ROUGE,SC212,20642491337182,Electromenager,,2,0,999999,24500,20000,,10000,20000,20000,49000,40000,Normal
692882a6082fdd4ac690289f,PETRIN WESTCROWN INOX/ROUGE ,SC-623,20642624491482,Electromenager,,1,0,999999,31500,28000,,,,0,31500,28000,Normal
693042c03e004f0b56bcf533,PLAQUE-CHAUFFANT ARCODYM 4F GLASS ,DYM-GH640B,20647704646638,Electromenager,,1,0,999999,22000,14900,,,,0,22000,14900,Normal
6930355a3e004f0b56bcf516,PLAQUE-CHAUFFANT ARISTON HOTPOINT  NOIR MATT 4F,AR-HOT-NOIR-M-4F,20647670551669,Electromenager,,2,0,999999,27000,21000,,,,0,54000,42000,Normal
6930359b3e004f0b56bcf51c,PLAQUE-CHAUFFANT ARISTON HOTPOINT INOX 4F,AR-HOT-SABAF-INOX-4F,20647671230860,Electromenager,,1,0,999999,29000,22000,,,,0,29000,22000,Normal
693042723e004f0b56bcf52d,PLAQUE-CHAUFFANT ARISTON HOTPOINT INOX 4F,ART-HOT-XENIUM-XERIS-INOX-4F,20647704043590,Electromenager,,2,0,999999,36000,29000,,,,0,72000,58000,Normal
6937f16581c7066676215e5d,PLAQUE-CHAUFFANT ARISTON HOTPOINT INOX 4F SIMPLE,ART-HOT-4F-SIMPLE,20652739511132,Electromenager,,1,0,999999,26500,,,,,0,26500,0,Normal
693043d23e004f0b56bcf551,PLAQUE-CHAUFFANT ARISTON HOTPOINT INOX 5F,ARI-HOT-INOX-5F1,20647707587918,Electromenager,,1,0,999999,37000,29000,,,,0,37000,29000,Normal
6930443d3e004f0b56bcf55d,PLAQUE-CHAUFFANT ARISTON HOTPOINT INOX 5F,ARI-HOT-INOX-5F,20647708701274,Electromenager,,1,0,999999,44000,40000,,,,0,44000,40000,Normal
693046e43e004f0b56bcf5a5,PLAQUE-CHAUFFANT ARISTON HOTPOINT INOX 5F,IXELLIUM-SERIES,20647715489601,Electromenager,,0,0,999999,39000,33000,,,,0,0,0,Rupture
693044a93e004f0b56bcf569,PLAQUE-CHAUFFANT ARISTON HOTPOINT NOIR 5F,ARI-HOT-NOIR-5F,20647709753117,Electromenager,,2,0,999999,45000,40000,,,,0,90000,80000,Normal
693034b73e004f0b56bcf50a,PLAQUE-CHAUFFANT BRANDT 4F GLASS,NY-BB4001,20647668931501,Electromenager,,1,0,999999,26500,19500,,,,0,26500,19500,Normal
693044df3e004f0b56bcf56f,PLAQUE-CHAUFFANT BRANDT GLASS 5F,NY-BB5002,20647710307118,Electromenager,,1,0,999999,37000,29500,,,,0,37000,29500,Normal
693045133e004f0b56bcf575,PLAQUE-CHAUFFANT GEANT GLASS 2F,GK-PFG-21-FFD-N,20647710837037,Electromenager,,1,0,999999,22000,19000,,,,0,22000,19000,Normal
693042f53e004f0b56bcf539,PLAQUE-CHAUFFANT GEANT INOX 4F,GK-PEM6CT-FFD-I,20647705383609,Electromenager,,1,0,999999,28500,23500,,,,0,28500,23500,Normal
693046263e004f0b56bcf593,PLAQUE-CHAUFFANT GEANT INOX 5F,GK-PF52-FFD-I,20647713586154,Electromenager,,0,0,999999,38000,24000,,,,0,0,0,Rupture
693045b83e004f0b56bcf587,PLAQUE-CHAUFFANT GEANT NOIR 4F,GK-PCB-PCI-FFD-MG,20647712492791,Electromenager,,1,0,999999,27500,23900,,,,0,27500,23900,Normal
6930454b3e004f0b56bcf57b,PLAQUE-CHAUFFANT GENERAL GLASS 4F,GN-HB602MVg,20647711396393,Electromenager,,1,0,999999,27500,23900,,,,0,27500,23900,Normal
6930466d3e004f0b56bcf599,PLAQUE-CHAUFFANT GENERAL GLASS 5F,GN-HB702MVg,20647714297207,Electromenager,,1,0,999999,38000,31000,,,,0,38000,31000,Normal
693034f53e004f0b56bcf510,PLAQUE-CHAUFFANT GENERAL INOX 4F,GN-HB602MVS,20647669489423,Electromenager,,2,0,999999,25000,22500,,,,0,50000,45000,Normal
693045803e004f0b56bcf581,PLAQUE-CHAUFFANT GENERAL NOIR 4F,GN-HB602MZVK3,20647711929927,Electromenager,,0,0,999999,23000,16800,,,,0,0,0,Rupture
693034763e004f0b56bcf504,PLAQUE-CHAUFFANT MIDEA 4F GLASS,60G40ME095-GFN,20647668308462,Electromenager,,2,0,999999,34500,32500,,,,0,69000,65000,Normal
693045f83e004f0b56bcf58d,PLAQUE-CHAUFFANT MIDEA INOX 4F,MG-60S1401MN2B-DZ,20647713110399,Electromenager,,2,0,999999,21000,18500,,9250,18500,18500,42000,37000,Normal
6930436a3e004f0b56bcf545,PLAQUE-CHAUFFANT MOSER INOX 4F,H64STFC,20647706563513,Electromenager,,0,0,999999,27000,23000,,,,0,0,0,Rupture
693044093e004f0b56bcf557,PLAQUE-CHAUFFANT MOZER 5F INOX,H75STEC,20647708147593,Electromenager,,1,0,999999,36000,28000,,,,0,36000,28000,Normal
6930432d3e004f0b56bcf53f,PLAQUE-CHAUFFANT MULTISMART GLASS 4F,MS-GS203-4,20647705959917,Electromenager,,1,0,999999,26500,22800,,,,0,26500,22800,Normal
6930439d3e004f0b56bcf54b,PLAQUE-CHAUFFANT MULTISMART INOX 4F,MS-GS1241,20647707080950,Electromenager,,1,0,999999,15000,11000,,,,0,15000,11000,Normal
693046a63e004f0b56bcf59f,PLAQUE-CHAUFFANT MULTISMART INOX 5F,MS-GS1151,20647714854711,Electromenager,,1,0,999999,36500,29300,,,,0,36500,29300,Normal
693035c73e004f0b56bcf522,PLAQUE-CHAUFFANT WINOR INOX 4F,W-INOX-4F,20647671680784,Electromenager,,2,0,999999,26000,24000,,,,0,52000,48000,Normal
6930446e3e004f0b56bcf563,PLAQUE-CHAUFFANT WINOR INOX 5F,WIN-INOX-5F,20647709156956,Electromenager,,1,0,999999,38000,26000,,,,0,38000,26000,Normal
695516143432a6b7fb3c2173,PRESSE A CAFE CONTIGLOBAL L,CK-PC12C,20671838837697,Electromenager,,2,0,999999,2200,1500,,,,0,4400,3000,Normal
695515ad3432a6b7fb3c1fa7,PRESSE A CAFE CONTIGLOBAL M,CK-PC6C,20671837580083,Electromenager,,4,0,999999,1700,950,,,,0,6800,3800,Normal
695515603432a6b7fb3c1f32,PRESSE A CAFE CONTIGLOBAL S,CK-PC3C,20671836869284,Electromenager,,16,0,999999,1500,800,,,,0,24000,12800,Normal
695515e43432a6b7fb3c20fe,PRESSE A CAFE CONTIGLOBAL XS,CK-PC1C,20671838342002,Electromenager,,2,0,999999,1000,600,,,,0,2000,1200,Normal
693446953e004f0b56bcfb34,RECHAUD A GAS CONTIGLOBAL,CKR9K,20650336074597,Electromenager,,1,0,999999,5500,4150,,,,0,5500,4150,Normal
6934465d3e004f0b56bcfb2e,RECHAUD A GAS CRISTOR,KRG94T2,20650335493959,Electromenager,,2,0,999999,6000,5500,,,,0,12000,11000,Normal
693446d03e004f0b56bcfb3a,RECHAUD A GAS MULTISMART ,MS-CA1011,20650336682112,Electromenager,,1,0,999999,6500,4700,,,,0,6500,4700,Normal
695a59fd3432a6b7fb3d74c0,RECHAUD MULTISMART 3 FEUX,MS-RCH3F,20675289466853,Electromenager,,1,0,999999,4200,3100,,,,0,4200,3100,Normal
692c545b3e004f0b56bce9e7,REFRIGERATEUR + DISTRIBITEUR RAYLAN BLANC VERTICAL,REF-NF-470-D-W,20645128512133,Electromenager,,1,0,999999,86000,79000,,,,0,86000,79000,Normal
692c549d3e004f0b56bce9ed,REFRIGERATEUR + DISTRIBITEUR RAYLAN GRIS VERTICAL,REP-NF-470-D-S,20645129172069,Electromenager,,1,0,999999,88000,80000,,,,0,88000,80000,Normal
692c51233e004f0b56bce96b,REFRIGERATEUR + DISTRIBITEUR RAYLAN ROUGE,REF-NF410DGR,20645120174539,Electromenager,,1,0,999999,99800,91800,,,,0,99800,91800,Normal
68f9fd2084e5c25e35d27c41,REFRIGERATEUR +DISTRIBUTEUR 501L GRIS IRIS,BCD-680,20612137083384,Electromenager,,1,0,999999,82000,74000,,,,0,82000,74000,Normal
68f9fa0a84e5c25e35d27bf3,REFRIGERATEUR 295L NOIR GEANT,GN-BCD435N,20612129001054,Electromenager,,1,0,999999,55000,48000,,,,0,55000,48000,Normal
68f9fc6684e5c25e35d27c31,REFRIGERATEUR 2P DISTRIBUTEUR 513L HYUNDAI,HYRF-HMSBS-513I,20612135179530,Electromenager,,1,0,999999,250000,240000,,,,0,250000,240000,Normal
68f9fe9384e5c25e35d27c61,REFRIGERATEUR 302L BLANC CLE GEANT,GRF-D420B,20612140782348,Electromenager,,2,0,1,56000,49400,,24700,49400,49400,112000,98800,Normal
68f9f7a884e5c25e35d27bd0,REFRIGERATEUR 312L BLANC ARTCOOL,GT-N346M,20612122766259,Electromenager,,2,0,999999,62000,55000,,,,0,124000,110000,Normal
68f9fbd584e5c25e35d27c29,REFRIGERATEUR 316L GRIS BEKO,RDSE400K20S,20612133786493,Electromenager,,2,0,999999,72000,66000,,33000,66000,66000,144000,132000,Normal
68f9fe4a84e5c25e35d27c59,REFRIGERATEUR 370L BLANC MIDEA ,HD-533,20612140038665,Electromenager,,1,0,999999,88000,79000,,,,0,88000,79000,Normal
68fa010784e5c25e35d27c94,REFRIGERATEUR 409L BLANC RAYLAN,REF-WF470DW,20612147148901,Electromenager,,1,0,999999,85000,72000,,,,0,85000,72000,Normal
68f9fd7784e5c25e35d27c49,REFRIGERATEUR 42L GRIS TCL ,P550TMS,20612137844989,Electromenager,,1,0,999999,95000,87300,,,,0,95000,87300,Normal
68fa0d8a84e5c25e35d27e08,REFRIGERATEUR 435L BLANC CLE GEANT,GRF-D500BB,20612179116448,Electromenager,,1,0,999999,63000,60000,,,,0,63000,60000,Normal
68f9f8cd84e5c25e35d27bdb,REFRIGERATEUR 453L INOX AFFICHEUR SAMSUNG,RT59K6231S8,20612125670816,Electromenager,,1,0,999999,147000,137000,,,,0,147000,137000,Normal
68f9fe0184e5c25e35d27c51,REFRIGERATEUR 575L BLANC ARTCOOL,GT-SN643EGDID,20612139222987,Electromenager,,1,0,999999,99000,89000,,,,0,99000,89000,Normal
68f9ff5784e5c25e35d27c71,REFRIGERATEUR 575L NOIR ARTCCOL,GT-SN643EGIDN,20612142741462,Electromenager,,1,0,999999,99000,91000,,,,0,99000,91000,Normal
68fa004f84e5c25e35d27c84,REFRIGERATEUR 58L INOX MIDEA,MDRT580FGE,20612145293140,Electromenager,,1,0,999999,85000,79500,,,,0,85000,79500,Normal
68fa00cd84e5c25e35d27c8c,REFRIGERATEUR DISTRIBUTEUR 409L GRIS RAYLAN,RGF-WF470DS,20612146551469,Electromenager,,1,0,999999,88000,75000,,,,0,88000,75000,Normal
692c54073e004f0b56bce9e0,REFRIGERATEUR GEANT GRIS VERTICAL,GN-BCD435G,20645127625490,Electromenager,,1,0,999999,58000,43000,,,,0,58000,43000,Normal
692c516d3e004f0b56bce974,REFRIGERATEUR GEANT VERTICAL GRIS ,GRIS-GN-BCD525G,20645120898057,Electromenager,,1,0,999999,69000,53000,,,,0,69000,53000,Normal
68f9ff0584e5c25e35d27c69,REFRIGERATEUR INOX 2P AFFICHEUR  GEANT,GN-SFP502M-G,20612141945700,Electromenager,,1,0,999999,161000,151000,,,,0,161000,151000,Normal
68f9fa8884e5c25e35d27bfb,REFRIGERATEUR INOX VERTICAL AFFICHEUR GEANT ,GN-RFC2P-520AM,20612130075453,Electromenager,,1,0,999999,122000,110000,,,,0,122000,110000,Normal
692c53923e004f0b56bce9bf,REFRIGERATEUR SAMSUNG BLANC VERTICAL,RT49K5012WW,20645126480375,Electromenager,,2,0,999999,105000,95000,,47500,95000,95000,210000,190000,Normal
68f9fcc284e5c25e35d27c39,REFRIGRATEUR 458L INOX GEANT,GN-BCD525G,20612136162343,Electromenager,,1,0,999999,71000,53000,,,,0,71000,53000,Normal
692c71cd3e004f0b56bcea81,RESISTANCE GEANT 4N,GN-KR4T-T,20645203899113,Electromenager,,1,0,999999,5000,3000,,1500,3000,1500,5000,3000,Normal
692c71f73e004f0b56bcea87,RESISTANCE GEANT NOIR 3N,GN-KR3T6,20645204316239,Electromenager,,1,0,999999,5000,3000,,1500,3000,1500,5000,3000,Normal
6933fed43e004f0b56bcf8c1,SECHE-CHEVEUX CONTIGLOBAL,CG-HD70ACM-BL,20650152353587,Electromenager,,4,0,999999,3800,2600,,1300,2600,5200,15200,10400,Normal
6938021281c7066676215e73,SECHE-CHEVEUX CONTIGLOBAL ,CG-HD83ACM-B,20652782176400,Electromenager,,1,0,999999,3850,,,,,0,3850,0,Normal
6933fa1b3e004f0b56bcf8af,SECHE-CHEVEUX MULTISMART,MS-HR101,20650140311180,Electromenager,,7,0,999999,3800,2500,,1428.57,2500,9999.99,26600,17500,Normal
6933fa473e004f0b56bcf8b5,SECHE-CHEVEUX MULTISMART,MS-HR103,20650140788700,Electromenager,,16,0,999999,3800,2450,,1837.5,2450,29400,60800,39200,Normal
693401c73e004f0b56bcf8ca,SECHE-CHEVEUX MULTISMART,MS-HR104,20650159965264,Electromenager,,4,0,999999,3800,2450,,1225,2450,4900,15200,9800,Normal
6938026481c7066676215e79,SECHE-CHEVEUX MULTISMART,MS-HR105,20652782916082,Electromenager,,1,0,999999,3850,,,,,0,3850,0,Normal
693802df81c7066676215e7f,SECHE-CHEVEUX MULTISMART,MS-HR102,20652784222004,Electromenager,,7,0,999999,2700,1450,,1242.86,1450,8700.02,18900,10150,Normal
6933fa753e004f0b56bcf8bb,SECHE-CHEVEUX SONIFER,SF-9507,20650141139981,Electromenager,,1,0,999999,3800,2200,,,,0,3800,2200,Normal
6934474e3e004f0b56bcfb46,TOASTER MULTISMART ,MS-TS1011,20650337972276,Electromenager,,2,0,999999,3500,1600,,800,1600,1600,7000,3200,Normal
693429243e004f0b56bcfa86,TV ARTCOOL 32P SMART VIDAA ,A32S1,20650260739612,Electromenager,,0,0,999999,25000,21000,,,,0,0,0,Rupture
693428f43e004f0b56bcfa80,TV ARTCOOL 43P SMART VIDAA ,A43S1,20650260203612,Electromenager,,0,0,999999,38000,34000,,,,0,0,0,Rupture
693428c33e004f0b56bcfa7a,TV ARTCOOL 50P SMART VIDAA ,A50S1,20650259784492,Electromenager,,0,0,999999,59000,55000,,,,0,0,0,Rupture
693428613e004f0b56bcfa6e,TV ARTCOOL 65P SMART VIDAA 4K,A65S1,20650258700172,Electromenager,,1,0,999999,99000,95000,,,,0,99000,95000,Normal
693428943e004f0b56bcfa74,TV ARTCOOL SMART VIDAA 55P,A55S1,20650259286251,Electromenager,,0,0,999999,69000,62000,,,,0,0,0,Rupture
693ecab9d19f9618d086654b,TV CONDOR GOOLE TV 40P,40SG630,20657227831053,Electromenager,,1,0,999999,45000,35000,,,,0,45000,35000,Normal
695a53b33432a6b7fb3d3559,TV CRISTOR 32P ANDROID,S32MS,20675273273155,Electromenager,,1,0,999999,24500,21300,,,,0,24500,21300,Normal
693427203e004f0b56bcfa68,TV GEANT 32P QLED,GN-Q32JHDT-N,20650255571616,Electromenager,,1,0,999999,17000,15800,,,,0,17000,15800,Normal
69341bf03e004f0b56bcf9c5,TV GEANT 42P  FRAMELESS,GN-TE42FHDS,20650226918081,Electromenager,,2,0,999999,30000,26500,,17666.67,26500,35333.34,60000,53000,Normal
693abe2081c7066676216369,TV GEANT 42P LED,GN-Q42JFHD-N,20654574268596,Electromenager,,1,0,999999,25000,21000,,8000,16000,8000,25000,21000,Normal
695a543f3432a6b7fb3d3a24,TV GEANT 42P LED TV,GN-TE42FHD,20675274753872,Electromenager,,1,0,999999,29500,26500,,,,0,29500,26500,Normal
693425573e004f0b56bcfa56,TV GEANT 50P SMART,GN-G50EXL4K,20650251017772,Electromenager,,1,0,999999,72000,62000,,31000,62000,31000,72000,62000,Normal
69340fdf3e004f0b56bcf9a6,TV GEANT 75P QLED SMART TV,GN-Q75J4KSW-N,20650196035190,Electromenager,,1,0,999999,150000,141000,,,,0,150000,141000,Normal
694f9b063432a6b7fb3adbe2,TV GEANT LED 32P,GN-32LDJHD-N,20668246970707,Electromenager,,1,0,999999,20000,15000,,,,0,20000,15000,Normal
693ec8cbd19f9618d086648f,TV HISENSE SMART VIDAA 43P,TV-43A4G,20657222640981,Electromenager,,38,0,999999,35000,30000,,,,0,1330000,1140000,Normal
69340f523e004f0b56bcf9a0,TV HISENSE SMART VIDAA 75P,75A6K,20650194617358,Electromenager,,1,0,999999,207000,198000,,,,0,207000,198000,Normal
694d3b9c3432a6b7fb3ad6fd,TV IRIS 32P LED,32E30,20666691986972,Electromenager,,1,0,999999,24500,20000,,,,0,24500,20000,Normal
695a53563432a6b7fb3d3358,TV IRIS 43P SMART,43E30,20675272300111,Electromenager,,1,0,999999,35500,33000,,,,0,35500,33000,Normal
693411603e004f0b56bcf9b8,TV IRIS SMART 32P ,32C3010,20650199866153,Electromenager,,2,0,999999,26500,22000,,13250,26500,26500,53000,44000,Normal
693ecb1ad19f9618d0866557,TV IRIS SMART 40P,C3020,20657228647451,Electromenager,,1,0,999999,42000,35000,,,,0,42000,35000,Normal
69341d433e004f0b56bcf9d9,TV MULTISMART 32P SMART,MS32HAS1,20650228127128,Electromenager,,2,0,999999,23000,19800,,16500,19800,33000,46000,39600,Normal
693424bd3e004f0b56bcfa4a,TV MULTISMART 32P SMART,MS32HAS4,20650249351536,Electromenager,,2,0,999999,23000,17800,,8900,17800,17800,46000,35600,Normal
693426663e004f0b56bcfa5c,TV MULTISMART 40P LED,MS40FAT4,20650253200493,Electromenager,,1,0,999999,25000,19800,,,,0,25000,19800,Normal
693423323e004f0b56bcfa3e,TV MULTISMART 43P SMART,MS43FAT1,20650245224729,Electromenager,,1,0,999999,28500,26400,,,,0,28500,26400,Normal
693426cd3e004f0b56bcfa62,TV MULTISMART 50P LED ,MS50UAT,20650254648252,Electromenager,,2,0,999999,49000,41000,,27333.33,41000,54666.66,98000,82000,Normal
693423743e004f0b56bcfa44,TV MULTISMART 65P GOOGLE TV,MS65UAG3,20650246162416,Electromenager,,0,0,999999,98000,94000,,,,0,0,0,Rupture
6934108e3e004f0b56bcf9ac,TV MULTISMART LED 32P,DVB-C-T2-S2,20650197338559,Electromenager,,2,0,999999,18500,15800,,10533.33,15800,21066.66,37000,31600,Normal
69340ee93e004f0b56bcf99a,TV MULTISMART SMART TV 65P,MS-65UAS2,20650193570953,Electromenager,,0,0,999999,90000,85000,,,,0,0,0,Rupture
6950f9963432a6b7fb3b1243,TV SAMSUNG CRYSTAL UHD 50P,UA50AU7000,20669144391734,Electromenager,,1,0,999999,94000,91000,,,,0,94000,91000,Normal
6934318f3e004f0b56bcfa92,TV SAMSUNG CRYSTAL UHD 55P,55AU7000,20650282192184,Electromenager,,2,0,999999,115000,109900,,54950,109900,109900,230000,219800,Normal
693424ec3e004f0b56bcfa50,TV TCL 32P LED,32D3200,20650249941135,Electromenager,,3,0,999999,26500,24000,,16000,24000,48000,79500,72000,Normal
694675400a059d672c47b833,TV TCL 55P GOOGLE TV,55P635,20662252046863,Electromenager,,1,0,999999,92000,86000,,,,0,92000,86000,Normal
693411133e004f0b56bcf9b2,TV TCL GOOGLE TV 43P,S5400A,20650198554231,Electromenager,,2,0,999999,48000,46500,,,,0,96000,93000,Normal
695bb2313432a6b7fb3e00c3,VENTILATEUR COBRA NEWSTAR ,NS-1636,20676170589134,Electromenager,,1,0,999999,4500,1700,,,,0,4500,1700,Normal
695bb2b53432a6b7fb3e083f,VENTILATEUR COBRA NEWSTAR ,FT-40,20676171968659,Electromenager,,1,0,999999,4700,1700,,,,0,4700,1700,Normal
695bb2f53432a6b7fb3e09bd,VENTILATEUR COBRA NEWSTAR 3MOD,NS-1280R,20676172616890,Electromenager,,1,0,999999,5200,2200,,,,0,5200,2200,Normal